MR_ID,smiles,ABL1
4345355,C(=C/c1cccc2[nH]ccc12)\c1cnc(Nc2ccc(OCCN3CCCC3)cc2)nc1,6.43829143540347
4338127,c1ccc(-c2cnc(Nc3ccc(OCCN4CCCC4)cc3)s2)cc1,5.92081875395237
4336699,c1ccc(CN2CCC(Nc3ccc4[nH]nc(-c5nc6cc(N7CCC(N8CCCCC8)CC7)ccc6[nH]5)c4c3)CC2)cc1,8.15490195998574
4336697,c1ccc(CNc2ccc3[nH]nc(-c4nc5cc(N6CCC(N7CCCCC7)CC6)ccc5[nH]4)c3c2)cc1,6.88605664769316
4336701,c1coc(CNc2ccc3[nH]nc(-c4nc5cc(N6CCC(N7CCCCC7)CC6)ccc5[nH]4)c3c2)c1,7.2218487496163615
4336702,c1csc(CNc2ccc3[nH]nc(-c4nc5cc(N6CCC(N7CCCCC7)CC6)ccc5[nH]4)c3c2)n1,8.0
4336694,c1ccc(COc2cc3[nH]nc(-c4nc5cc(N6CCC(N7CCCCC7)CC6)ccc5[nH]4)c3cc2OCc2ccccc2)cc1,6.0457574905606695
4330888,c1ccc(COc2ccc3[nH]nc(-c4nc5cc(N6CCC(N7CCCCC7)CC6)ccc5[nH]4)c3c2)cc1,7.2218487496163615
4330873,c1ccc(COc2ccc3c(-c4nc5cc(N6CCC(N7CCCCC7)CC6)ccc5[nH]4)n[nH]c3c2)cc1,6.69897000433602
4345382,C(=C/c1cccc2[nH]ccc12)\c1cnc(Nc2ccc(C3CCNCC3)cc2)nc1,6.62743136224921
4330889,c1ccc(Oc2ccc3[nH]nc(-c4nc5cc(N6CCC(N7CCCCC7)CC6)ccc5[nH]4)c3c2)cc1,7.52287874528034
4330881,c1ccc2c(-c3nc4cc(N5CCC(N6CCCCC6)CC5)ccc4[nH]3)n[nH]c2c1,6.2218487496163615
4345356,C(=C/c1cccc2[nH]ccc12)\c1cnc(Nc2cccc(N3CCNCC3)c2)nc1,6.32559843031405
4342967,CC(=O)N1CCc2cc(-n3nc(C(C)(C)C)cc3NC(=O)Nc3cccc(Cl)c3Cl)ccc21,6.744727494896691
4342722,CC(=O)N1CCc2ccc(-n3nc(C(C)(C)C)cc3NC(=O)Nc3cccc(Cl)c3Cl)cc2C1,6.3565473235138095
4342962,CC(=O)c1cc(-n2nc(C(C)(C)C)cc2NC(=O)Nc2cccc(Cl)c2Cl)cc2ccccc12,6.82390874094432
4330891,CC(C)(C)NC(=O)Nc1ccc2[nH]nc(-c3nc4cc(N5CCC(N6CCCCC6)CC5)ccc4[nH]3)c2c1,7.52287874528034
4342946,CC(C)(C)c1cc(NC(=O)Nc2cc(F)c(F)c(F)c2)n(-c2cc(CC(=O)NCC(O)CO)c3ccccc3c2)n1,7.46852108295774
4342890,CC(C)(C)c1cc(NC(=O)Nc2cc(F)c(F)c(F)c2)n(-c2cc(CO)c3ccccc3c2)n1,7.14874165128092
4342816,CC(C)(C)c1cc(NC(=O)Nc2cc(F)c(F)c(F)c2)n(-c2cccc(C#N)c2)n1,6.4089353929735005
4342924,CC(C)(C)c1cc(NC(=O)Nc2cc(F)c(F)cc2F)n(-c2cc(CC(N)=O)c3ccccc3c2)n1,6.92081875395237
4342939,CC(C)(C)c1cc(NC(=O)Nc2cc(F)c(F)cc2F)n(-c2cc(CC(=O)NCC(O)CO)c3ccccc3c2)n1,6.88605664769316
4342907,CC(C)(C)c1cc(NC(=O)Nc2cc(F)c(F)cc2F)n(-c2cc(CN)c3ccccc3c2)n1,7.0457574905606695
4342888,CC(C)(C)c1cc(NC(=O)Nc2cc(F)c(F)cc2F)n(-c2cc(CO)c3ccccc3c2)n1,7.20065945054642
4342895,CC(C)(C)c1cc(NC(=O)Nc2cc(F)c(F)cc2F)n(-c2ccc3c(c2)CCNC3)n1,6.7212463990471685
4342714,CC(C)(C)c1cc(NC(=O)Nc2cc(F)c(F)cc2F)n(-c2ccc3c(c2)CCN3S(C)(=O)=O)n1,6.44369749923271
4342694,CC(C)(C)c1cc(NC(=O)Nc2cc(F)c(F)cc2F)n(-c2ccc3ncccc3c2)n1,6.44369749923271
4342926,CC(C)(C)c1cc(NC(=O)Nc2cc(F)cc(F)c2)n(-c2cc(CC(N)=O)c3ccccc3c2)n1,7.06048074738138
4342880,CC(C)(C)c1cc(NC(=O)Nc2cc(F)cc(F)c2)n(-c2cc(CO)c3ccccc3c2)n1,7.102372908709558
4342931,CC(C)(C)c1cc(NC(=O)Nc2cc(F)cc(F)c2F)n(-c2cc(CC(N)=O)c3ccccc3c2)n1,7.481486060122111
4342940,CC(C)(C)c1cc(NC(=O)Nc2cc(F)cc(F)c2F)n(-c2cc(CC(=O)NCC(O)CO)c3ccccc3c2)n1,7.251811972993798
4342889,CC(C)(C)c1cc(NC(=O)Nc2cc(F)cc(F)c2F)n(-c2cc(CO)c3ccccc3c2)n1,6.95860731484177
4342713,CC(C)(C)c1cc(NC(=O)Nc2cc(F)cc(F)c2F)n(-c2ccc3c(c2)CCN3S(C)(=O)=O)n1,6.85387196432176
4342701,CC(C)(C)c1cc(NC(=O)Nc2cc(F)cc(F)c2F)n(-c2ccc3ncccc3c2)n1,6.92081875395237
4342938,CC(C)(C)c1cc(NC(=O)Nc2cc(F)ccc2F)n(-c2cc(CC(N)=O)c3ccccc3c2)n1,7.1366771398795406
4342960,CC(C)(C)c1cc(NC(=O)Nc2cc(F)ccc2F)n(-c2cc(CC(=O)NC(CO)CO)c3ccccc3c2)n1,7.420216403383192
4342922,CC(C)(C)c1cc(NC(=O)Nc2ccc(C#N)cc2)n(-c2cc(CC(N)=O)c3ccccc3c2)n1,6.744727494896691
4342706,CC(C)(C)c1cc(NC(=O)Nc2ccc(Cl)cc2)n(-c2cc(CN)c3ccccc3c2)n1,6.275724130399211
4342709,CC(C)(C)c1cc(NC(=O)Nc2ccc(Cl)cc2)n(-c2cc(CNC(=O)NS(C)(=O)=O)c3ccccc3c2)n1,5.67778070526608
4342705,CC(C)(C)c1cc(NC(=O)Nc2ccc(Cl)cc2)n(-c2cc(CO)c3ccccc3c2)n1,6.09151498112135
4342876,CC(C)(C)c1cc(NC(=O)Nc2ccc(Cl)cc2)n(-c2ccc3c(c2)CN(C(=O)NS(C)(=O)=O)CC3)n1,5.1249387366083
4342956,CC(C)(C)c1cc(NC(=O)Nc2ccc(Cl)cc2)n(-c2ccc3c(c2)CNCC3)n1,5.85387196432176
4342813,CC(C)(C)c1cc(NC(=O)Nc2ccc(Cl)cc2)n(-c2cccc(C#N)c2)n1,5.2839966563652006
4342703,CC(C)(C)c1cc(NC(=O)Nc2ccc(Cl)cc2)n(-c2cnc3ccccc3c2)n1,5.318758762624411
4342923,CC(C)(C)c1cc(NC(=O)Nc2ccc(F)c(F)c2F)n(-c2cc(CC(N)=O)c3ccccc3c2)n1,7.102372908709558
4342941,CC(C)(C)c1cc(NC(=O)Nc2ccc(F)c(F)c2F)n(-c2cc(CC(=O)NCC(O)CO)c3ccccc3c2)n1,7.0
4342886,CC(C)(C)c1cc(NC(=O)Nc2ccc(F)c(F)c2F)n(-c2cc(CO)c3ccccc3c2)n1,6.95860731484177
4342899,CC(C)(C)c1cc(NC(=O)Nc2ccc(F)c(F)c2F)n(-c2ccc3c(c2)CCNC3)n1,6.85387196432176
4342930,CC(C)(C)c1cc(NC(=O)Nc2ccc(F)cc2)n(-c2cc(CC(N)=O)c3ccccc3c2)n1,6.4089353929735005
4342925,CC(C)(C)c1cc(NC(=O)Nc2ccc(F)cc2F)n(-c2cc(CC(N)=O)c3ccccc3c2)n1,6.44369749923271
4342887,CC(C)(C)c1cc(NC(=O)Nc2ccc(F)cc2F)n(-c2cc(CO)c3ccccc3c2)n1,6.52287874528034
4342894,CC(C)(C)c1cc(NC(=O)Nc2ccc(F)cc2F)n(-c2ccc3c(c2)CCNC3)n1,6.387216143280259
4342733,CC(C)(C)c1cc(NC(=O)Nc2ccc(Oc3ccccc3)cc2)n(-c2ccc3c(c2)CCNC3)n1,6.602059991327961
4342863,CC(C)(C)c1cc(NC(=O)Nc2ccc(-c3cccc4c3CNC4=O)cc2)n(-c2ccc3c(c2)CC(C(N)=O)NC3)n1,7.69897000433602
4342861,CC(C)(C)c1cc(NC(=O)Nc2ccc(-c3cccc4c3CNC4=O)cc2)n(-c2ccc3c(c2)CC(C(=O)O)NC3)n1,8.180456064458129
4342872,CC(C)(C)c1cc(NC(=O)Nc2ccc(-c3cccc4c3CNC4=O)cc2)n(-c2ccc3c(c2)CCN3S(C)(=O)=O)n1,7.5686362358410095
4342871,CC(C)(C)c1cc(NC(=O)Nc2ccc(-c3cccc4c3CNC4=O)cc2)n(-c2ccc3c(c2)CCN3)n1,7.67778070526608
4342868,CC(C)(C)c1cc(NC(=O)Nc2ccc(-c3cccc4c3CNC4=O)cc2)n(-c2cccc(-c3cn[nH]c3)c2)n1,7.2839966563652
4342909,CC(C)(C)c1cc(NC(=O)Nc2ccc3c(c2)OCO3)n(-c2cccc(C#N)c2)n1,5.52287874528034
4342796,CC(C)(C)c1cc(NC(=O)Nc2cccc(Br)c2)n(-c2cccc(C#N)c2)n1,5.69897000433602
4342908,CC(C)(C)c1cc(NC(=O)Nc2cccc(C#N)c2)n(-c2cc(CN)c3ccccc3c2)n1,6.7212463990471685
4342957,CC(C)(C)c1cc(NC(=O)Nc2cccc(C#N)c2)n(-c2ccc3c(c2)CNCC3)n1,6.744727494896691
4342891,CC(C)(C)c1cc(NC(=O)Nc2cccc(C#N)c2)n(-c2ccc3c(c2)CCNC3)n1,6.85387196432176
4342921,CC(C)(C)c1cc(NC(=O)Nc2cccc(Cl)c2Cl)n(-c2cc(CC(N)=O)c3ccccc3c2)n1,7.14266750356873
4342912,CC(C)(C)c1cc(NC(=O)Nc2cccc(Cl)c2Cl)n(-c2cc(CC(=O)O)c3ccccc3c2)n1,6.585026652029178
4342873,CC(C)(C)c1cc(NC(=O)Nc2cccc(Cl)c2Cl)n(-c2cc(CCN)c3ccccc3c2)n1,7.09151498112135
4342707,CC(C)(C)c1cc(NC(=O)Nc2cccc(Cl)c2Cl)n(-c2cc(CN)c3ccccc3c2)n1,6.85387196432176
4342710,CC(C)(C)c1cc(NC(=O)Nc2cccc(Cl)c2Cl)n(-c2cc(CNC(=O)NS(C)(=O)=O)c3ccccc3c2)n1,7.20065945054642
4342704,CC(C)(C)c1cc(NC(=O)Nc2cccc(Cl)c2Cl)n(-c2cc(CO)c3ccccc3c2)n1,7.20065945054642
4342664,CC(C)(C)c1cc(NC(=O)Nc2cccc(Cl)c2Cl)n(-c2ccc(CC(=O)N3CCCC(C(=O)O)C3)cc2)n1,5.07572071393812
4342683,CC(C)(C)c1cc(NC(=O)Nc2cccc(Cl)c2Cl)n(-c2ccc(CCC(=O)O)cc2)n1,5.376750709602098
4342681,CC(C)(C)c1cc(NC(=O)Nc2cccc(Cl)c2Cl)n(-c2ccc(CCO)cc2)n1,6.107905397309519
4342826,CC(C)(C)c1cc(NC(=O)Nc2cccc(Cl)c2Cl)n(-c2ccc(CO)cc2)n1,6.207608310501749
4342844,CC(C)(C)c1cc(NC(=O)Nc2cccc(Cl)c2Cl)n(-c2ccc(C(C)(C)O)cc2)n1,5.79588001734408
4342729,CC(C)(C)c1cc(NC(=O)Nc2cccc(Cl)c2Cl)n(-c2ccc3c(c2)CCNC3=O)n1,6.82390874094432
4342737,CC(C)(C)c1cc(NC(=O)Nc2cccc(Cl)c2Cl)n(-c2ccc3c(c2)CCNC(=O)C3)n1,6.69897000433602
4342964,CC(C)(C)c1cc(NC(=O)Nc2cccc(Cl)c2Cl)n(-c2ccc3c(c2)C(=O)CC3)n1,6.95860731484177
4342966,CC(C)(C)c1cc(NC(=O)Nc2cccc(Cl)c2Cl)n(-c2ccc3c(c2)C(N)CC3)n1,6.619788758288388
4342965,CC(C)(C)c1cc(NC(=O)Nc2cccc(Cl)c2Cl)n(-c2ccc3c(c2)C(O)CC3)n1,6.619788758288388
4342725,CC(C)(C)c1cc(NC(=O)Nc2cccc(Cl)c2Cl)n(-c2ccc3c(c2)CN(C(=N)N)CC3)n1,6.6382721639824105
4342723,CC(C)(C)c1cc(NC(=O)Nc2cccc(Cl)c2Cl)n(-c2ccc3c(c2)CN(S(C)(=O)=O)CC3)n1,6.65757731917779
4342869,CC(C)(C)c1cc(NC(=O)Nc2cccc(Cl)c2Cl)n(-c2ccc3c(c2)N(S(C)(=O)=O)CC3)n1,6.7212463990471685
4342724,CC(C)(C)c1cc(NC(=O)Nc2cccc(Cl)c2Cl)n(-c2ccc3c(c2)C(N)=NCC3)n1,6.5686362358410095
4342720,CC(C)(C)c1cc(NC(=O)Nc2cccc(Cl)c2Cl)n(-c2ccc3c(c2)C(=O)NCC3)n1,5.55284196865778
4342738,CC(C)(C)c1cc(NC(=O)Nc2cccc(Cl)c2Cl)n(-c2ccc3c(c2)CCNCC3)n1,6.6382721639824105
4342721,CC(C)(C)c1cc(NC(=O)Nc2cccc(Cl)c2Cl)n(-c2ccc3c(c2)CNCC3)n1,6.53760200210104
4342715,CC(C)(C)c1cc(NC(=O)Nc2cccc(Cl)c2Cl)n(-c2ccc3c(c2)NCC3)n1,6.3187587626244115
4342735,CC(C)(C)c1cc(NC(=O)Nc2cccc(Cl)c2Cl)n(-c2ccc3c(c2)CCN(S(C)(=O)=O)C3)n1,6.5686362358410095
4342745,CC(C)(C)c1cc(NC(=O)Nc2cccc(Cl)c2Cl)n(-c2ccc3c(c2)CC(C(N)=O)NC3)n1,6.95860731484177
4342730,CC(C)(C)c1cc(NC(=O)Nc2cccc(Cl)c2Cl)n(-c2ccc3c(c2)CCNC3)n1,7.0
4342743,CC(C)(C)c1cc(NC(=O)Nc2cccc(Cl)c2Cl)n(-c2ccc3c(c2)C[C@@H](C(=O)O)NC3)n1,7.2218487496163615
4342740,CC(C)(C)c1cc(NC(=O)Nc2cccc(Cl)c2Cl)n(-c2ccc3c(c2)CN[C@H](C(N)=O)C3)n1,6.6382721639824105
4342739,CC(C)(C)c1cc(NC(=O)Nc2cccc(Cl)c2Cl)n(-c2ccc3c(c2)CN[C@H](C(=O)O)C3)n1,5.744727494896691
4342712,CC(C)(C)c1cc(NC(=O)Nc2cccc(Cl)c2Cl)n(-c2ccc3c(c2)CCN3S(C)(=O)=O)n1,6.602059991327961
4342726,CC(C)(C)c1cc(NC(=O)Nc2cccc(Cl)c2Cl)n(-c2ccc3c(c2)CCC(=O)N3)n1,6.55284196865778
4342711,CC(C)(C)c1cc(NC(=O)Nc2cccc(Cl)c2Cl)n(-c2ccc3c(c2)CCN3)n1,6.16749108729376
4342915,CC(C)(C)c1cc(NC(=O)Nc2cccc(Cl)c2Cl)n(-c2ccc3[nH]c(=O)ccc3c2)n1,6.585026652029178
4342716,CC(C)(C)c1cc(NC(=O)Nc2cccc(Cl)c2Cl)n(-c2ccc3[nH]ccc3c2)n1,6.769551078621732
4342874,CC(C)(C)c1cc(NC(=O)Nc2cccc(Cl)c2Cl)n(-c2ccc3c(=O)[nH]cnc3c2)n1,6.267606240177032
4342875,CC(C)(C)c1cc(NC(=O)Nc2cccc(Cl)c2Cl)n(-c2ccc3nc[nH]c(=O)c3c2)n1,6.0409586076789115
4342693,CC(C)(C)c1cc(NC(=O)Nc2cccc(Cl)c2Cl)n(-c2ccc3ncccc3c2)n1,6.85387196432176
4342815,CC(C)(C)c1cc(NC(=O)Nc2cccc(Cl)c2Cl)n(-c2cccc(C#N)c2)n1,6.744727494896691
4342945,CC(C)(C)c1cc(NC(=O)Nc2cccc(Cl)c2Cl)n(-c2cccc(CC(N)=O)c2)n1,6.17392519729917
4342858,CC(C)(C)c1cc(NC(=O)Nc2cccc(Cl)c2Cl)n(-c2cccc(CC(=O)NCCO)c2)n1,5.85387196432176
4342857,CC(C)(C)c1cc(NC(=O)Nc2cccc(Cl)c2Cl)n(-c2cccc(CC(=O)NC[C@H](O)CO)c2)n1,6.14266750356873
4342848,CC(C)(C)c1cc(NC(=O)Nc2cccc(Cl)c2Cl)n(-c2cccc(CC(=O)O)c2)n1,5.6259059864969005
4342682,CC(C)(C)c1cc(NC(=O)Nc2cccc(Cl)c2Cl)n(-c2cccc(CCC(=O)O)c2)n1,5.602059991327961
4342660,CC(C)(C)c1cc(NC(=O)Nc2cccc(Cl)c2Cl)n(-c2cccc(CCN)c2)n1,6.455931955649719
4342846,CC(C)(C)c1cc(NC(=O)Nc2cccc(Cl)c2Cl)n(-c2cccc(CCO)c2)n1,6.08092190762393
4342662,CC(C)(C)c1cc(NC(=O)Nc2cccc(Cl)c2Cl)n(-c2cccc(CN)c2)n1,5.82390874094432
4342782,C=C1NS(=O)(=O)N(Cc2cccc(-n3nc(C(C)(C)C)cc3NC(=O)Nc3cccc(Cl)c3Cl)c2)C1=O,6.602059991327961
4342854,CC(C)(C)c1cc(NC(=O)Nc2cccc(Cl)c2Cl)n(-c2cccc(CN3C(=O)NC(=O)C3=O)c2)n1,5.49485002168009
4342792,CC(C)(C)c1cc(NC(=O)Nc2cccc(Cl)c2Cl)n(-c2cccc(CO)c2)n1,6.508638306165731
4342680,CC(C)(C)c1cc(NC(=O)Nc2cccc(Cl)c2Cl)n(-c2cccc(C(=N)N)c2)n1,6.3565473235138095
4342663,CC(C)(C)c1cc(NC(=O)Nc2cccc(Cl)c2Cl)n(-c2cccc(C(=N)NO)c2)n1,6.16749108729376
4342817,CC(C)(C)c1cc(NC(=O)Nc2cccc(Cl)c2Cl)n(-c2cccc(C(N)=O)c2)n1,5.69897000433602
4342793,CC(C)(C)c1cc(NC(=O)Nc2cccc(Cl)c2Cl)n(-c2cccc(C(C)(C)O)c2)n1,5.69897000433602
4342885,CC(C)(C)c1cc(NC(=O)Nc2cccc(Cl)c2Cl)n(-c2cccc(-c3cccnc3)c2)n1,5.6382721639824105
4342692,CC(C)(C)c1cc(NC(=O)Nc2cccc(Cl)c2Cl)n(-c2cccc(-c3cn[nH]c3)c2)n1,6.420216403383192
4342893,CC(C)(C)c1cc(NC(=O)Nc2cccc(F)c2F)n(-c2ccc3c(c2)CCNC3)n1,6.69897000433602
4342795,CC(C)(C)c1cc(NC(=O)Nc2cccc(F)c2F)n(-c2cccc(C#N)c2)n1,5.53760200210104
4342677,CC(C)(C)c1cc(NC(=O)Nc2cccc(F)c2F)n(-c2cccc(CC(N)=O)c2)n1,5.1191864077192095
4342731,CC(C)(C)c1cc(NC(=O)Nc2cccc(Oc3ccccc3)c2)n(-c2ccc3c(c2)CCNC3)n1,6.92081875395237
4342942,CC(C)(C)c1cc(NC(=O)Nc2cccc(Oc3cccnc3)c2)n(-c2cc(CC(=O)NCC(O)CO)c3ccccc3c2)n1,8.82390874094432
4342708,CC(C)(C)c1cc(NC(=O)Nc2cccc(Oc3cccnc3)c2)n(-c2cc(CN)c3ccccc3c2)n1,8.69897000433602
4342896,CC(C)(C)c1cc(NC(=O)Nc2cccc(Oc3cccnc3)c2)n(-c2cc(CO)c3ccccc3c2)n1,9.0
4342864,CC(C)(C)c1cc(NC(=O)Nc2cccc(Oc3cccnc3)c2)n(-c2ccc3c(c2)CCNC3C(=O)NCC(O)CO)n1,8.0
4342741,CC(C)(C)c1cc(NC(=O)Nc2cccc(Oc3cccnc3)c2)n(-c2ccc3c(c2)CC(C(N)=O)NC3)n1,8.52287874528034
4342862,CC(C)(C)c1cc(NC(=O)Nc2cccc(Oc3cccnc3)c2)n(-c2ccc3c(c2)CC(C(=O)NCC(O)CO)NC3)n1,8.46852108295774
4342746,CC(C)(C)c1cc(NC(=O)Nc2cccc(Oc3cccnc3)c2)n(-c2ccc3c(c2)CC(C(=O)O)NC3)n1,8.52287874528034
4342732,CC(C)(C)c1cc(NC(=O)Nc2cccc(Oc3cccnc3)c2)n(-c2ccc3c(c2)CCNC3)n1,8.82390874094432
4342736,CC(C)(C)c1cc(NC(=O)Nc2cccc(Oc3cccnc3)c2)n(-c2ccc3[nH]c(=O)ccc3c2)n1,8.30102999566398
4342717,CC(C)(C)c1cc(NC(=O)Nc2cccc(Oc3cccnc3)c2)n(-c2ccc3[nH]ccc3c2)n1,8.180456064458129
4342767,CC(C)(C)c1cc(NC(=O)Nc2cccc(Oc3cccnc3)c2)n(-c2cccc(CC(N)=O)c2)n1,7.67778070526608
4342673,CC(C)(C)c1cc(NC(=O)Nc2cccc(Oc3cccnc3)c2)n(-c2cccc(-c3cccnc3)c2)n1,7.53760200210104
4342779,CC(C)(C)c1cc(NC(=O)Nc2cccc(Oc3cnccn3)c2)n(-c2cccc(CC(N)=O)c2)n1,7.20065945054642
4342920,CC(C)(C)c1cc(NC(=O)Nc2cccc(C(F)(F)F)c2)n(-c2cccc(C#N)c2)n1,5.29242982390206
4342919,CC(C)(C)c1cc(NC(=O)Nc2cccc(-c3ccc(N)nc3)c2)n(-c2ccc3c(c2)CCC(=O)N3)n1,4.82681373158773
4342958,CC(C)(C)c1cc(NC(=O)Nc2cccc(-c3cccnc3)c2)n(-c2cccc(CC(N)=O)c2)n1,4.63264407897398
4342781,CC(C)(C)c1cc(NC(=O)Nc2cccc3c2CNC3=O)n(-c2cccc(CC(N)=O)c2)n1,7.207608310501749
4342794,CC(C)(C)c1cc(NC(=O)Nc2ccccc2F)n(-c2cccc(C#N)c2)n1,5.07572071393812
2588,CC(C)(C)c1ccc(C(=O)Nc2ncnc3c2c(-c2ccccc2)nn3C(C)(C)C)cc1,3.52287874528034
1440,CC(C)(C)n1nc(Cc2cccc3ccccc23)c2c(N)ncnc21,6.19466991845506
1433,CC(C)(C)n1nc(-c2cccc3ccccc23)c2c(N)ncnc21,7.51055088986261
4342963,CC(O)c1cc(-n2nc(C(C)(C)C)cc2NC(=O)Nc2cccc(Cl)c2Cl)cc2ccccc12,6.44369749923271
4207628,CC(O)c1cccc(Nc2[nH]nc3c2Cc2cc(F)ccc2-3)c1,5.619788758288388
4207779,Cc1ccc2c(c1)-c1n[nH]c(Nc3cccc(C(C)O)c3)c1C2,5.83238732727247
4207895,CCC1c2cc(OC)c(OC)cc2-c2n[nH]c(Nc3cccc(Br)c3)c21,6.474955192963152
4207561,CCC1c2cc(OC)c(OC)cc2-c2n[nH]c(Nc3cccc(Cl)c3)c21,6.53461714855158
4207759,CCCC(=O)OCn1nc(Nc2cccc(F)c2)c2c1-c1cc(OC)c(OC)cc1C2,7.420216403383192
12839,CCCc1ccc(C(=O)Nc2ncnc3c2c(-c2ccccc2)nn3C(C)(C)C)cc1,5.744727494896691
4277490,CCN(CC)c1cccc(NC(=O)Nc2ccc(C)c(Nc3nccc(-c4cccnc4)n3)c2)c1,6.51716401438995
4293508,CCN1CCN(Cc2ccc(-c3cc4c(N[C@H](C)c5ccccc5)ncnc4[nH]3)cc2)CC1,7.2839966563652
4345344,CCNC(=O)N1CCC(S(=O)(=O)c2ccc(Nc3ncc(/C=C/c4ccc5nc(N)sc5c4)cn3)cc2)CC1,6.628947866481942
4302480,CCNc1nc(C)c(-c2ccnc(Nc3ccc(N4CCNCC4)cc3)n2)s1,6.32790214206428
4349634,CCOC(C)=O.O=C(c1cc2cc(O)ccc2[nH]1)c1cc2cc(O)ccc2[nH]1,5.88605664769316
4207684,CCOC(=O)CC(=O)n1nc(Nc2cccc(F)c2)c2c1-c1cc(OC)c(OC)cc1C2,7.15490195998574
4342845,CCOC(=O)Cc1cccc(-n2nc(C(C)(C)C)cc2NC(=O)Nc2cccc(Cl)c2Cl)c1,5.420216403383192
4342879,CCOC(=O)c1cc(-n2nc(C(C)(C)C)cc2NC(=O)Nc2cccc(Cl)c2Cl)cc2ccccc12,5.32790214206428
4207567,CCOc1cc2c(cc1OCCCO)Cc1c-2n[nH]c1Nc1cccc(F)c1,7.7212463990471685
4207597,CCOc1cc2c(cc1OCCCO)Cc1c-2n[nH]c1Nc1cccc(OC)c1,8.39794000867204
4207596,CCOc1cc2c(cc1OCCCO)Cc1c-2n[nH]c1Nc1cccnc1,6.73754891026957
4207992,CCOc1cc2c(cc1OCC)C(C)c1c-2n[nH]c1Nc1cccc(OC)c1,7.95860731484177
4207979,CCOc1cc2c(cc1OCC)-c1n[nH]c(NCc3ccccc3Cl)c1C2,9.0
4207685,CCOc1cc2c(cc1OCC(O)CN1CCCC1)-c1n[nH]c(Nc3cccc(F)c3)c1C2,8.39794000867204
4207686,CCOc1cc2c(cc1OCC(O)CN1CCCC1)-c1n[nH]c(Nc3cccnc3)c1C2,6.47237009912866
4208069,CCOc1cc2c(cc1OCCCO)-c1n[nH]c(Nc3cccnc3)c1C2,6.043351420794799
4207523,CCOc1cccc(Nc2[nH]nc3c2Cc2cc(OC)c(OC)cc2-3)c1,7.29242982390206
4207564,CCOc1cccc(Nc2[nH]nc3c2Cc2cc(OCC(O)CO)c(OC)cc2-3)c1,7.85387196432176
4207723,CCOc1cccc(Nc2[nH]nc3c2Cc2cc(OCC)c(OCC(O)CN4CCCC4)cc2-3)c1,8.09691001300806
4207601,CCOc1cccc(Nc2[nH]nc3c2Cc2cc(OCC)c(OCCCO)cc2-3)c1,7.33724216831843
4207525,CCOc1cccc(Nc2[nH]nc3c2Cc2cc(OCCCO)c(OC)cc2-3)c1,7.2218487496163615
4207642,CCOc1cccc(Nc2[nH]nc3c2Cc2cc(OCCCO)c(OCCCO)cc2-3)c1,7.85387196432176
4291702,CCc1cccc(CC)c1NC(=O)N1Cc2[nH]nc(NC(=O)c3ccc(N4CCN(C)CC4)cc3)c2C1,6.0087739243075005
4208055,CCc1cccc(Nc2[nH]nc3c2Cc2cc(OC)c(OC)cc2-3)c1,8.15490195998574
4207850,CN(C)CCCOc1ccc2c(c1)Cc1c-2n[nH]c1Nc1cccc(F)c1,5.991399828238079
4207847,CN(C)CCCOc1cccc2c1Cc1c-2n[nH]c1Nc1cccc(F)c1,4.98758462523757
4345453,CN(C)CCN(C1CCNCC1)S(=O)(=O)c1ccc(Nc2ncc(/C=C/c3ccc4nc(N)sc4c3)cn2)cc1,7.19139495272128
4345305,CN(C)CCN(C1CCNCC1)S(=O)(=O)c1ccc(Nc2ncc(/C=C/c3cccc4[nH]ccc34)cn2)cc1,7.170994301671442
4345454,CN(C)CCN(C1CCNCC1)S(=O)(=O)c1ccc(Nc2ncc(/C=C/c3cccc4[nH]ncc34)cn2)cc1,7.47346077825829
4342661,CN(C)CCc1cccc(-n2nc(C(C)(C)C)cc2NC(=O)Nc2cccc(Cl)c2Cl)c1,6.2441251443275085
4278593,Cc1ccc(NC(=O)c2ccc(/N=N/N(C)C)cc2)cc1Nc1nccc(-c2cccnc2)n1,6.71085716406767
4342849,CN(C)[C@H]1CCN(C(=O)Cc2cccc(-n3nc(C(C)(C)C)cc3NC(=O)Nc3cccc(Cl)c3Cl)c2)C1,5.92081875395237
4341236,Cc1ccc(NC(=O)c2ccc(CN3CC[C@H](N(C)C)C3)c(C(F)(F)F)c2)cc1Nc1nccc(-c2cncnc2)n1,7.95860731484177
4277489,Cc1ccc(NC(=O)Nc2cccc(N(C)C)c2)cc1Nc1nccc(-c2cccnc2)n1,7.33037368298365
4278595,Cc1ccc(NC(=O)c2ccc(/N=N/N(C)CCCl)cc2)cc1Nc1nccc(-c2cccnc2)n1,6.0707854962626095
4345410,Cc1cc(Nc2ncc(/C=C/c3cccc(O)c3)cn2)cc(C)c1S(=O)(=O)N(C)CCN1CCCC1,7.200714168258929
4278594,Cc1ccc(NC(=O)c2ccc(/N=N/N(C)CO)cc2)cc1Nc1nccc(-c2cccnc2)n1,5.975925012692572
4277495,Cc1ccc(NC(=O)Nc2ccccc2CN(C)C2CCCCC2)cc1Nc1nccc(-c2cccnc2)n1,6.06048074738138
4342884,CN1C(=O)C(c2cccc(NC(=O)Nc3cc(C(C)(C)C)nn3-c3ccc4c(c3)CCN4S(C)(=O)=O)c2)C=C2C=NC=NC21,7.92081875395237
4345364,CN1CCC(S(=O)(=O)c2ccc(Nc3ncc(/C=C/c4cccc5[nH]ncc45)cn3)cc2)CC1,6.592609927127099
4345336,C=Cc1cnc(Nc2ccc(S(=O)(=O)C3CCN(C)CC3)cc2)nc1,5.587855708770231
6777,CN1CCC(O)(c2nc(-c3ccc(F)cc3)c(-c3ccncc3)o2)CC1,4.06168546238611
4345369,CN1CCN(C(=O)c2ccc(Nc3ncc(/C=C/c4cccc5[nH]ccc45)cn3)cc2)CC1,6.72838827425678
4277594,Cc1nc(C)c(-c2[nH]nc3c2C(=O)c2c(NC(=O)NN4CCN(C)CC4)cccc2-3)s1,4.75448733218585
4345371,CN1CCN(S(=O)(=O)c2cccc(Nc3ncc(/C=C/c4cccc5[nH]ccc45)cn3)c2)CC1,5.55284196865778
4270681,Cc1cc(Nc2cc(N3CCN(C)CC3)nc(Sc3ccc(NC(=O)C4CC4)cc3)n2)[nH]n1,7.76143937264017
4208047,CN1CCN(c2ccc3c(c2)Cc2c-3n[nH]c2Nc2cccc(Br)c2)CC1,5.89962945488244
4208049,CN1CCN(c2ccc3c(c2)Cc2c-3n[nH]c2Nc2cccc(Cl)c2)CC1,5.732828271596991
4336639,CN1CCN(CCOc2cc(OC3CCOCC3)c3c(Nc4c(Cl)ccc5c4OCO5)ncnc3c2)CC1,7.52287874528034
2087,Cc1ccc(NC(=O)c2ccc(CN3CCN(C)CC3)cc2)cc1Nc1nccc(-c2cccnc2)n1,6.87556325295234
1015967,Cc1ccc(NC(=O)c2ccc(CN3CCN(C)CC3)cc2)cc1Nc1nccc(-c2cccnc2)n1,6.779891911959949
4341234,Cc1ccc(NC(=O)c2ccc(CN3CCN(C)CC3)c(Br)c2)cc1Nc1nccc(-c2cccnc2)n1,8.50863830616573
4341235,Cc1ccc(NC(=O)c2ccc(CN3CCN(C)CC3)c(C(F)(F)F)c2)cc1Nc1nccc(-c2cccnc2)n1,8.31875876262441
4341231,Cc1ccc(NC(=O)c2ccc(CN3CCN(C)CC3)c(C(F)(F)F)c2)cc1Nc1nccc(-c2cncnc2)n1,8.07058107428571
4341232,Cc1ccc(NC(=O)c2ccc(CN3CCN(C)CC3)c(F)c2)cc1Nc1nccc(-c2cccnc2)n1,7.455931955649719
4278596,C=C/C=C(\C=N\C)c1ccnc(Nc2cccc(/N=N/NCCN3CCOCC3)c2)n1,5.0
4342751,CNC(=O)C1Cc2cc(-n3nc(C(C)(C)C)cc3NC(=O)Nc3cccc(Oc4cccnc4)c3)ccc2CN1,8.39794000867204
4342742,CNC(=O)C1NCCc2cc(-n3nc(C(C)(C)C)cc3NC(=O)Nc3cccc(Oc4cccnc4)c3)ccc21,8.04575749056067
4342744,CNC(=O)[C@@H]1Cc2ccc(-n3nc(C(C)(C)C)cc3NC(=O)Nc3cccc(Cl)c3Cl)cc2CN1,6.251811972993798
4342780,CNC(=O)c1cc(Oc2ccc(NC(=O)Nc3cc(C(C)(C)C)nn3-c3cccc(CC(N)=O)c3)cc2)ccn1,8.180456064458129
4342916,CNC(=O)c1cc(Oc2cccc(NC(=O)Nc3cc(C(C)(C)C)nn3-c3ccc4[nH]c(=O)ccc4c3)c2)ccn1,7.508638306165731
66,CN[C@@H]1C[C@H]2O[C@@](C)([C@@H]1OC)n1c3ccccc3c3c4c(c5c6ccccc6n2c5c31)C(=O)NC4,6.65286910494726
4302495,CNc1nc(C)c(-c2ccnc(Nc3ccc(C)c(S(=O)(=O)N4CCOCC4)c3)n2)s1,5.420216403383192
4302493,CNc1nc(C)c(-c2ccnc(Nc3ccc(S(N)(=O)=O)cc3)n2)s1,5.1191864077192095
4302518,CNc1nc(C)c(-c2ccnc(Nc3cccc(S(C)(=O)=O)c3)n2)s1,5.67778070526608
4302513,CNc1nc(C)c(-c2ccnc(Nc3cccc(S(N)(=O)=O)c3)n2)s1,6.4317982759330095
4307726,CNc1ncnc(-c2cccnc2Oc2ccc(F)c(C(=O)Nc3cc(C(F)(F)F)ccc3N(C)CCCN(C)C)c2)n1,5.89279003035213
9791,COC(=O)[C@@]1(O)C[C@H]2O[C@]1(C)n1c3ccccc3c3c4c(c5c6ccccc6n2c5c31)C(=O)NC4,5.65757731917779
14254,COC(=O)[C@@]1(O)C[C@H]2O[C@]1(C)n1c3ccccc3c3c4c(c5c6ccccc6n2c5c31)C(=O)N[C@H]4CC(C)C,5.508638306165731
14260,COC(=O)[C@@]1(O)C[C@H]2O[C@]1(C)n1c3ccccc3c3c4c(c5c6ccccc6n2c5c31)C(=O)N[C@H]4CCc1ccccc1,5.017728766960429
4207584,COC(=O)c1cccc(Nc2[nH]nc3c2Cc2cc(OC)c(OC)cc2-3)c1,6.9281179926938785
4207820,COC(=O)c1cccc(Nc2[nH]nc3c2Cc2cc(OCCCN4CCCC4)c(OC)cc2-3)c1,6.43062609038495
4207509,COC(=O)c1cccc(Nc2[nH]nc3c2Cc2cc(OCCCN4CCOCC4)c(OC)cc2-3)c1,6.30277065724028
4207827,COCC(=O)n1nc(Nc2cccc(F)c2)c2c1-c1cc(OC)c(OC)cc1C2,7.29242982390206
4207626,COCCCOc1cc2c(cc1OCCCOC)-c1n[nH]c(Nc3ccc(F)c(Cl)c3)c1C2,5.46218090492673
4207594,COCCCOc1cc2c(cc1OCCCOC)-c1n[nH]c(Nc3cccc(F)c3)c1C2,6.46852108295774
4207592,COCCCOc1cc2c(cc1OCCCOC)-c1n[nH]c(Nc3cccc(OC)c3)c1C2,7.161150909262742
4207625,COCCCOc1cc2c(cc1OCCCOC)-c1n[nH]c(Nc3cccnc3)c1C2,5.53017798402184
4207544,COCCCOc1ccc2c(c1)Cc1c-2n[nH]c1Nc1ccccc1,5.85078088734462
4345290,COCCN1CCN(S(=O)(=O)c2ccc(Nc3ncc(/C=C/c4ccc5nc(N)sc5c4)cn3)cc2)CC1,6.17975928151479
4278589,COCCN/N=N/c1ccc(C(=O)Nc2cccc(Nc3nccc(-c4cccnc4)n3)c2)cc1,6.044312249686492
4278590,COCCN/N=N/c1cccc(Nc2nccc(-c3cccnc3)n2)c1,5.06550154875643
4302505,COCCNS(=O)(=O)c1cccc(Nc2nccc(-c3sc(N)nc3C)n2)c1,5.67778070526608
4264624,CO[C@@H](C(=O)N1Cc2[nH]nc(NC(=O)c3ccc(N4CCN(C)CC4)cc3)c2C1)c1ccccc1,7.602059991327961
4207939,COc1cc(Nc2[nH]nc3c2Cc2cc(F)ccc2-3)cc(OC)c1,6.78251605578609
4207729,COc1cc(Nc2[nH]nc3c2Cc2cc(OC)c(OC)cc2-3)cc(OC)c1,7.107905397309519
4171269,COc1cc(Nc2c(C#N)cnc3cc(OCC4CCN(C)CC4)c(OC)cc23)c(C)cc1C,8.08092190762393
4171258,COc1cc(Nc2c(C#N)cnc3cc(OCC4CCN(C)CC4)c(OC)cc23)c(Cl)cc1Cl,8.54038268451704
4171265,COc1cc2c(Nc3cc(OC)c(OC)c(OC)c3)c(C#N)cnc2cc1OCC1CCN(C)CC1,7.92081875395237
4171259,COc1cc(Nc2c(C#N)cnc3cc(OCCC4CCN(C)CC4)c(OC)cc23)c(Cl)cc1Cl,8.54197061444906
4171260,COc1cc(Nc2c(C#N)cnc3cc(OCCCC4CCN(C)CC4)c(OC)cc23)c(Cl)cc1Cl,9.1062529208748
13783,COc1cc(Nc2c(C#N)cnc3cc(OCCCN4CCN(C)CC4)c(OC)cc23)c(Cl)cc1Cl,8.93950465863395
4271359,COc1cc(Nc2c(C#N)cnc3cc(-c4ccc(CN5CCN(C)CC5)cc4)sc23)c(Cl)cc1Cl,8.63827216398241
4271346,COc1cc(Nc2c(C#N)cnc3cc(-c4ccc(CN5CCN(C)CC5)cn4)sc23)c(Cl)cc1Cl,8.88605664769316
4207606,COc1cc2c(cc1OCCCO)Cc1c-2n[nH]c1NCc1c(Cl)cccc1Cl,8.52287874528034
4207604,COc1cc2c(cc1OCC(O)CN1CCCC1)Cc1c-2n[nH]c1NCc1c(F)cccc1F,7.85387196432176
4207647,COc1cc2c(cc1OCC(O)CO)Cc1c-2n[nH]c1NCc1c(F)cccc1F,8.39794000867204
4207607,COc1cc2c(cc1OCCCO)Cc1c-2n[nH]c1NCc1c(F)cccc1F,7.63827216398241
4207638,COc1cc2c(cc1OCC(O)CN1CCCC1)Cc1c-2n[nH]c1NCc1ccccc1Cl,8.69897000433602
4207598,COc1cc2c(cc1OCCCO)Cc1c-2n[nH]c1NCc1ccccc1Cl,7.92081875395237
4207599,COc1cc2c(cc1OCCCO)Cc1c-2n[nH]c1NCc1ccccc1F,7.69897000433602
4207528,COc1cc2c(cc1F)Cc1c-2n[nH]c1Nc1ccc(F)c(Cl)c1,6.84466396253494
4207551,COc1cc2c(cc1OCC(O)CN1CCCC1)Cc1c-2n[nH]c1Nc1ccc(F)c(Cl)c1,6.440093374963889
4207888,COc1cc2c(cc1OCC(O)CO)Cc1c-2n[nH]c1Nc1ccc(F)c(Cl)c1,7.19382002601611
4207900,COc1cc2c(cc1OCCCN(C)C)Cc1c-2n[nH]c1Nc1ccc(F)c(Cl)c1,7.69897000433602
4207917,COc1cc2c(cc1OCCCN1CCCC1)Cc1c-2n[nH]c1Nc1ccc(F)c(Cl)c1,7.251811972993798
4207915,COc1cc2c(cc1OCCCN1CCOCC1)Cc1c-2n[nH]c1Nc1ccc(F)c(Cl)c1,6.06048074738138
4207904,COc1cc2c(cc1OCCCO)Cc1c-2n[nH]c1Nc1ccc(F)c(Cl)c1,6.486782399932059
4207941,COc1cc2c(cc1OCCCn1ccnc1)Cc1c-2n[nH]c1Nc1ccc(F)c(Cl)c1,6.19314197048118
4208032,COc1cc2c(cc1F)Cc1c-2n[nH]c1Nc1ccc(F)cc1,7.36653154442041
4207559,COc1cc2c(cc1F)Cc1c-2n[nH]c1Nc1cccc(Br)c1,6.47108329972234
4207505,COc1cc2c(cc1OCCCN1CCOCC1)Cc1c-2n[nH]c1Nc1cccc(Br)c1,6.62708799702989
4207553,COc1cc2c(cc1OCC(O)CN1CCCC1)Cc1c-2n[nH]c1Nc1cccc(Cl)c1,7.36653154442041
4207507,COc1cc2c(cc1OCCCN1CCOCC1)Cc1c-2n[nH]c1Nc1cccc(Cl)c1,6.177178354696901
4207905,COc1cc2c(cc1OCCCO)Cc1c-2n[nH]c1Nc1cccc(Cl)c1,7.69897000433602
4208067,COc1cc2c(cc1Br)Cc1c-2n[nH]c1Nc1cccc(F)c1,7.32790214206428
4208062,COc1cc2c(cc1O)Cc1c-2n[nH]c1Nc1cccc(F)c1,9.0
4207906,COc1cc2c(cc1OCC(O)CN1CCCC1)Cc1c-2n[nH]c1Nc1cccc(F)c1,6.9956786262173605
4207945,COc1cc2c(cc1OCC(O)CO)Cc1c-2n[nH]c1Nc1cccc(F)c1,7.5686362358410095
4207899,COc1cc2c(cc1OCCCN(C)C)Cc1c-2n[nH]c1Nc1cccc(F)c1,7.5686362358410095
4207916,COc1cc2c(cc1OCCCN1CCCC1)Cc1c-2n[nH]c1Nc1cccc(F)c1,7.0861861476162815
4207510,COc1cc2c(cc1OCCCN1CCOCC1)Cc1c-2n[nH]c1Nc1cccc(F)c1,5.935542010773081
4207903,COc1cc2c(cc1OCCCO)Cc1c-2n[nH]c1Nc1cccc(F)c1,7.07058107428571
4207662,COc1cc2c(cc1OCCCn1ccnc1)Cc1c-2n[nH]c1Nc1cccc(F)c1,6.61083391563547
4207552,COc1cc2c(cc1OCC(O)CN1CCCC1)Cc1c-2n[nH]c1Nc1cccnc1,5.8013429130455805
4207946,COc1cc2c(cc1OCC(O)CO)Cc1c-2n[nH]c1Nc1cccnc1,6.29073003902417
4207504,COc1cc2c(cc1OCCCN1CCOCC1)Cc1c-2n[nH]c1Nc1cccnc1,5.29723461808959
4207851,COc1cc2c(cc1OC)C(C)c1c-2n[nH]c1Nc1cccc(Br)c1,7.259637310505759
4207777,COc1cc2c(cc1OC)C(C)c1c-2n[nH]c1Nc1cccc(F)c1,7.455931955649719
4207746,COc1cc2c(cc1OC)C(C)c1c-2n[nH]c1Nc1ccccc1,7.481486060122111
4207944,COc1cc2c(cc1OC)-c1n[nH]c(NCc3cc(Cl)ccc3Cl)c1C2,7.0409586076789115
4207842,COc1cc2c(cc1OC)-c1n[nH]c(NCc3ccccc3)c1C2,6.3777859770337
4208053,COc1cc2c(cc1OC)-c1n[nH]c(Nc3cc(F)cc(F)c3)c1C2,7.207608310501749
4207849,COc1cc2c(cc1OC)-c1n[nH]c(Nc3ccc(F)cc3)c1C2,6.76195389687121
4207587,COc1cc2c(cc1OC)-c1n[nH]c(Nc3ccc(OCc4ccccc4)cc3)c1C2,6.35753547975788
4207731,COc1cc2c(cc1OC)-c1n[nH]c(Nc3cccc(Br)c3)c1C2,8.15490195998574
4207549,COc1cc2c(cc1OC)-c1n[nH]c(Nc3cccc(C)c3)c1C2,8.69897000433602
4207585,COc1cc2c(cc1OC)-c1n[nH]c(Nc3cccc(CO)c3)c1C2,7.19382002601611
4207870,COc1cc2c(cc1OC)-c1n[nH]c(Nc3cccc(F)c3)c1C2,7.420216403383192
4207836,COc1cc2c(cc1OC)-c1c(c(Nc3cccc(F)c3)nn1C(=O)CCC(=O)O)C2,6.718966632752268
4207956,COc1cc2c(cc1OC)-c1c(c(Nc3cccc(F)c3)nn1C(=O)CO)C2,7.01772876696043
4207919,COc1cc2c(cc1OC)-c1c(c(Nc3cccc(F)c3)nn1C(=O)COC(C)=O)C2,6.612610173661269
4207581,COc1cc2c(cc1OC)-c1n[nH]c(Nc3cccc(O)c3)c1C2,8.69897000433602
4207775,COc1cc2c(cc1OC)-c1n[nH]c(Nc3cccc(OCc4ccccc4)c3)c1C2,6.01278077009199
4208054,COc1cc2c(cc1OC)-c1n[nH]c(Nc3cccc(SC)c3)c1C2,8.04575749056067
4208013,COc1cc2c(cc1OC)-c1n[nH]c(Nc3cccc(C(N)=O)c3)c1C2,6.41341269532824
4207623,COc1cc2c(cc1OC)-c1n[nH]c(Nc3cccc(C(F)(F)F)c3)c1C2,6.87289520163519
4207928,COc1cc2c(cc1OC)-c1n[nH]c(Nc3ccccc3)c1C2,7.95860731484177
4207806,COc1cc2c(cc1OC)-c1n[nH]c(Nc3ccccc3F)c1C2,7.69897000433602
4207657,COc1cc2c(cc1OC)-c1n[nH]c(Nc3cccnc3)c1C2,6.308918507877031
4336693,COc1cc2[nH]nc(-c3nc4cc(N5CCC(N6CCCCC6)CC5)ccc4[nH]3)c2cc1OCc1ccccc1,8.52287874528034
13715,COc1cc2c(Nc3ccc(Br)cc3F)ncnc2cc1OCC1CCNCC1,7.06550154875643
4171268,COc1cc2c(Nc3ccc(C)cc3C)c(C#N)cnc2cc1OCC1CCN(C)CC1,7.420216403383192
4171264,COc1cc2c(Nc3ccc(Cl)cc3Cl)c(C#N)cnc2cc1OCC1CCN(C)CC1,7.79588001734408
4171267,COc1ccc(C)c(Nc2c(C#N)cnc3cc(OCC4CCN(C)CC4)c(OC)cc23)c1,8.08092190762393
4171266,COc1ccc(Cl)c(Nc2c(C#N)cnc3cc(OCC4CCN(C)CC4)c(OC)cc23)c1,8.455931955649719
4208023,COc1ccc(Nc2[nH]nc3c2Cc2cc(F)ccc2-3)cc1OC,6.48412615628832
4207702,COc1ccc(Nc2[nH]nc3c2Cc2ccc(C)cc2-3)cc1Cl,6.08512818245995
4208022,COc1ccc(OC)c(Nc2[nH]nc3c2Cc2cc(F)ccc2-3)c1,6.79588001734408
4207749,COc1ccc(OC)c(Nc2[nH]nc3c2Cc2ccccc2-3)c1,6.455931955649719
4336698,COc1ccc(Oc2ccc3[nH]nc(-c4nc5cc(N6CCC(N7CCCCC7)CC6)ccc5[nH]4)c3c2)cc1,6.65757731917779
1715484,COc1ccc(-n2nc(C(C)(C)C)cc2NC(=O)Nc2cccc(Cl)c2Cl)cc1,6.08092190762393
4207886,COc1ccc2c(c1)-c1n[nH]c(Nc3ccc(F)cc3)c1C2,7.1249387366083
4207909,COc1ccc2c(c1)-c1n[nH]c(Nc3cccc(F)c3)c1C2,7.075720713938121
4207727,COc1ccc2c(c1)-c1n[nH]c(Nc3ccccc3)c1C2,7.886056647693159
4336692,COc1ccc2[nH]nc(-c3nc4cc(N5CCC(N6CCCCC6)CC5)ccc4[nH]3)c2c1,6.6382721639824105
4345390,COc1cccc(/C=C/c2cnc(Nc3cc(N4CCNCC4)nc(C)n3)s2)c1,6.433998303506678
4345304,COc1cccc(/C=C/c2cnc(Nc3ccc(S(=O)(=O)C4CCNCC4)cc3)nc2)c1,6.47115173686222
4342910,COc1cccc(NC(=O)Nc2cc(C(C)(C)C)nn2-c2cccc(C#N)c2)c1,5.36653154442041
4207784,COc1cccc(Nc2[nH]nc3c2C(C)c2cc(OC)c(OC)cc2-3)c1,7.4207882197685
4208068,COc1cccc(Nc2[nH]nc3c2Cc2cc(Br)c(OC)cc2-3)c1,8.221848749616361
4207988,COc1cccc(Nc2[nH]nc3c2Cc2cc(Cl)ccc2-3)c1,7.161150909262742
4208031,COc1cccc(Nc2[nH]nc3c2Cc2cc(F)c(OC)cc2-3)c1,7.11350927482752
4208043,COc1cccc(Nc2[nH]nc3c2Cc2cc(N)ccc2-3)c1,6.36957212497498
4207654,COc1cccc(Nc2[nH]nc3c2Cc2cc(OC)c(OC)cc2-3)c1,8.30102999566398
4207907,COc1cccc(Nc2[nH]nc3c2Cc2cc(OCC(O)CN4CCCC4)c(OC)cc2-3)c1,7.44369749923271
4207887,COc1cccc(Nc2[nH]nc3c2Cc2cc(OCC(O)CO)c(OC)cc2-3)c1,7.886056647693159
4207819,COc1cccc(Nc2[nH]nc3c2Cc2cc(OCCCN4CCCC4)c(OC)cc2-3)c1,7.050609993355089
4208018,COc1cccc(Nc2[nH]nc3c2Cc2cc(OCCCO)c(OC)cc2-3)c1,7.823908740944319
4207641,COc1cccc(Nc2[nH]nc3c2Cc2cc(OCCCO)c(OCCCO)cc2-3)c1,8.30102999566398
4207964,COc1cccc(Nc2[nH]nc3c2Cc2cc4c(cc2-3)OCO4)c1,6.64397414280688
4336696,COc1cccc(Oc2ccc3[nH]nc(-c4nc5cc(N6CCC(N7CCCCC7)CC6)ccc5[nH]4)c3c2)c1,7.2218487496163615
4342927,COc1cccc(-n2nc(C(C)(C)C)cc2NC(=O)Nc2cc(Cl)cc(Cl)c2)c1,5.619788758288388
4342825,COc1cccc(-n2nc(C(C)(C)C)cc2NC(=O)Nc2ccc(C#N)cc2)c1,5.229147988357861
4342928,COc1cccc(-n2nc(C(C)(C)C)cc2NC(=O)Nc2cccc(C#N)c2)c1,6.4317982759330095
1715482,COc1cccc(-n2nc(C(C)(C)C)cc2NC(=O)Nc2cccc(Cl)c2Cl)c1,6.4089353929735005
4207897,COc1cccc2c1Cc1c-2n[nH]c1Nc1cccc(F)c1,5.51173138450454
4207696,COc1cccc2c1Cc1c-2n[nH]c1Nc1ccccc1,6.158640529545139
4207611,COc1cccc2c1oc1c(Nc3ccccc3)[nH]nc12,6.33724216831843
4336695,COc1ccccc1Oc1ccc2[nH]nc(-c3nc4cc(N5CCC(N6CCCCC6)CC5)ccc4[nH]3)c2c1,7.69897000433602
4270678,CP(C)(=O)c1ccc(Nc2nc(C3CCCC3)nc3c2ncn3CCc2cccc(O)c2)cc1,9.173925197299171
4347925,Cc1ccccc1-c1cc2cnc(Nc3cccc(S(C)=O)c3)nc2c(=O)n1CC(N)=O,6.669586226650809
4272721,CSc1nn(-c2c(Cl)cc(Cl)cc2Cl)c2nc(C)[nH]c(=O)c12,3.3767507096021
4299666,Cc1cncc2cccc(S(=O)(=O)N3CCCNC[C@@H]3C)c12,5.10957898119909
4345441,Cc1cc(Nc2ncc(/C=C/c3ccc4nc(N)sc4c3)cn2)ccc1S(=O)(=O)N1CCCNCC1,6.100819720685482
1018360,Cc1cc(Nc2ncc3cc(-c4c(Cl)cccc4Cl)c(=O)n(C)c3n2)ccc1F,7.619788758288388
4345438,Cc1cc(S(=O)(=O)N2CCCNCC2)ccc1Nc1ncc(/C=C/c2ccc3nc(N)sc3c2)cn1,4.7719559717707405
4345419,Cc1cc(S(=O)(=O)N2CCNCC2)ccc1Nc1ncc(/C=C/c2cccc(O)c2)cn1,5.22257378281397
4277487,Cc1ccc(NC(=O)N2CCCCC2)cc1Nc1nccc(-c2cccnc2)n1,6.0669449800778095
4342892,Cc1ccc(NC(=O)Nc2cc(C(C)(C)C)nn2-c2ccc3c(c2)CCNC3)cc1Nc1ncccn1,6.769551078621732
4342882,Cc1ccc(NC(=O)Nc2cc(C(C)(C)C)nn2-c2cccc(CC(N)=O)c2)cc1Nc1nccc(-c2cccnc2)n1,8.74472749489669
4342944,Cc1ccc(NC(=O)Nc2cc(C(C)(C)C)nn2-c2cccc(CC(=O)NCC(O)CO)c2)cc1Nc1nccc(-c2cccnc2)n1,8.65757731917779
4342859,Cc1ccc(NC(=O)Nc2cc(C(C)(C)C)nn2-c2cccc(CC(=O)NCC(O)CO)c2)cc1Nc1ncccn1,5.85387196432176
4345259,Cc1ccc(NC(=O)Nc2ccc(CN3CCS(=O)(=O)CC3)cc2)cc1Nc1nccc(N2CCOCC2)n1,5.52287874528034
4277486,Cc1ccc(NC(=O)Nc2cccc(Cl)c2)cc1Nc1nccc(-c2cccnc2)n1,6.857784633077741
4277492,Cc1ccc(NC(=O)Nc2cccc(N3CCCC3)c2)cc1Nc1nccc(-c2cccnc2)n1,7.12130198560349
4277506,Cc1ccc(NC(=O)Nc2cccnc2)cc1Nc1nccc(-c2cccnc2)n1,6.0595932038596
4345258,Cc1ccc(NC(=O)c2ccc(CN3CCS(=O)(=O)CC3)cc2)cc1Nc1nccc(N2CCOCC2)n1,5.397940008672039
4345257,Cc1ccc(NC(=O)c2ccc(CN3CCS(=O)(=O)CC3)cc2)cc1Nc1nccc(-c2ccncc2)n1,5.52287874528034
4345323,Cc1ccc(Nc2nc(Nc3ccc(OCCN4CCCC4)cc3)ncc2C)cc1,6.62463012438232
1345,Cc1ccc(-c2nn(C(C)(C)C)c3ncnc(N)c23)cc1,6.77287874528034
4347937,Cc1ccc(-n2nc(C(C)(C)C)cc2NC(=O)NCc2cc(F)ccc2Oc2ccc3c(cnn3C)c2)cc1,8.0
4347936,Cc1ccc(-n2nc(C(C)(C)C)cc2NC(=O)NCc2cc(F)ccc2Oc2ccc3c(cnn3CCO)c2)cc1,7.7827155479829
7815,Cc1ccc(-n2nc(C(C)(C)C)cc2NC(=O)Nc2ccc(OCCN3CCOCC3)c3ccccc23)cc1,5.397940008672039
4207953,Cc1ccc2c(c1)-c1n[nH]c(Nc3cc(F)ccc3F)c1C2,6.1765257708297
4207950,Cc1ccc2c(c1)-c1n[nH]c(Nc3cccc(F)c3)c1C2,7.031517051446071
4207619,Cc1ccc2c(c1)-c1n[nH]c(Nc3ccccc3)c1C2,7.7212463990471685
4345387,Cc1cccc(/C=C/c2cnc(Nc3ccc(S(=O)(=O)C4CCNCC4)cc3)nc2)c1,6.7713467541665
4347924,Cc1ccccc1-c1cc2cnc(Nc3ccc(NS(=O)(=O)CCO)cc3)nc2c(=O)n1CC(N)=O,7.11350927482752
4302496,Cc1ccc(Nc2nccc(-c3sc(N)nc3C)n2)cc1S(=O)(=O)N1CCOCC1,5.6382721639824105
4345427,Cc1nc(Nc2ccc(S(=O)(=O)NCCN3CCCC3)cc2)ncc1/C=C/c1cccc(O)c1,6.88472445185246
4345347,Cc1nc(Nc2ncc(/C=C/c3ccc4nc(N)sc4c3)s2)cc(N2CCNCC2)n1,7.37527851927871
4345362,Cc1nc(Nc2ncc(/C=C/c3cccc(O)c3)s2)cc(N2CCC(O)CC2)n1,7.15086271166282
4345358,Cc1nc(Nc2ncc(/C=C/c3cccc(O)c3)s2)cc(N2CCNCC2)n1,8.28431811792051
4345361,Cc1nc(Nc2ncc(/C=C\c3cccc(O)c3)s2)cc(N2CCC(O)CC2)n1,7.053924861049321
4345324,Cc1nc(Nc2ncc(/C=C/c3ccc(O)cc3)s2)cc(N2CCN(CCO)CC2)n1,7.38274135824366
4345330,Cc1nc(Nc2ncc(/C=C/c3ccc4[nH]ccc4c3)s2)cc(N2CCNCC2)n1,6.86615606006713
4345348,Cc1nc(Nc2ncc(/C=C/c3ccc4[nH]ncc4c3)s2)cc(N2CCNCC2)n1,7.1259059864969005
4345363,Cc1nc(Nc2ncc(/C=C/c3cccc(O)c3)s2)cc(N2CCCNCC2)n1,8.03863727100337
4345349,Cc1nc(Nc2ncc(/C=C/c3cccc4[nH]ncc34)s2)cc(N2CCNCC2)n1,7.09154808031217
4342903,CC(C)(C)c1cc(NC(=O)Nc2cc(F)cc(C#N)c2)n(-c2ccc3c(c2)CCNC3)n1,6.2441251443275085
4342906,CC(C)(C)c1cc(NC(=O)Nc2cc(F)cc(F)c2F)n(-c2cc(CN)c3ccccc3c2)n1,7.30102999566398
4342734,CC(C)(C)c1cc(NC(=O)Nc2ccc(-c3cccc4c3CNC4=O)cc2)n(-c2ccc3c(c2)CCNC3)n1,8.09691001300806
4342860,CC(C)(C)c1cc(NC(=O)Nc2cccc(Br)c2)n(-c2cccc(CN)c2)n1,5.4317982759330095
4342935,CC(C)(C)c1cc(NC(=O)Nc2cccc(C#N)c2)n(-c2ccc3c(c2)CCNCC3)n1,6.508638306165731
4342870,CC(C)(C)c1cc(NC(=O)Nc2cccc(C#N)c2)n(-c2ccc3c(c2)NCC3)n1,6.19382002601611
4342867,CC(C)(C)c1cc(NC(=O)Nc2cccc(C#N)c2)n(-c2ccc3c(c2)CCN3)n1,6.207608310501749
4342728,CC(C)(C)c1cc(NC(=O)Nc2cccc(Cl)c2Cl)n(-c2ccc3c(c2)CCCN3C(=N)N)n1,7.0
4342727,CC(C)(C)c1cc(NC(=O)Nc2cccc(Cl)c2Cl)n(-c2ccc3c(c2)CCCN3)n1,6.075720713938121
4342949,CC(C)(C)c1cc(NC(=O)Nc2cccc(Cl)c2Cl)n(-c2ccc3[nH]ncc3c2)n1,6.0
4342948,CC(C)(C)c1cc(NC(=O)Nc2cccc(Cl)c2Cl)n(-c2ccc3cn[nH]c3c2)n1,5.29242982390206
4342936,CC(C)(C)c1cc(NC(=O)Nc2cccc(Cl)c2Cl)n(-c2ccc3nc(N4CCNCC4)ccc3c2)n1,5.95860731484177
4342937,CC(C)(C)c1cc(NC(=O)Nc2cccc(Oc3cccnc3)c2)n(-c2cc(CC(N)=O)c3ccccc3c2)n1,9.0
4342719,CC(C)(C)c1cc(NC(=O)Nc2cccc(Oc3cccnc3)c2)n(-c2ccc3c(c2)CCN3)n1,7.92081875395237
4342702,CC(C)(C)c1cc(NC(=O)Nc2cccc(Oc3cccnc3)c2)n(-c2ccc3ncccc3c2)n1,8.455931955649719
4342902,CC(C)(C)c1cc(NC(=O)Nc2cccc(Oc3cncc(Cl)c3)c2)n(-c2ccc3c(c2)CCNC3)n1,8.88605664769316
4349959,Cc1ccc(NC(=O)c2ccc(CN3CC(N(C)C)C3)c(C(F)(F)F)c2)cc1Nc1nccc(-c2cncnc2)n1,7.53760200210104
4349958,Cc1ccc(NC(=O)c2ccc(CN3CC[C@@H](CN(C)C)C3)c(C(F)(F)F)c2)cc1Nc1nccc(-c2cncnc2)n1,8.11918640771921
4349957,Cc1ccc(NC(=O)c2ccc(CN3CC[C@@H](N(C)C)C3)c(C(F)(F)F)c2)cc1Nc1nccc(-c2cncnc2)n1,8.46852108295774
4345455,CN(C1CCNCC1)S(=O)(=O)c1ccc(Nc2ncc(/C=C/c3ccc4nc(N)sc4c3)cn2)cc1,7.18915226883536
4345325,CN(CCN1CCCC1)S(=O)(=O)c1cccc(Nc2ncc(/C=C/c3ccc(O)cc3)s2)c1,6.2440509700360085
4342901,CN1C(=O)C(c2cccc(NC(=O)Nc3cc(C(C)(C)C)nn3-c3ccc4c(c3)CCNC4)c2)C=C2C=NC=NC21,8.92081875395237
4342881,CN1C(=O)C(c2cccc(NC(=O)Nc3cc(C(C)(C)C)nn3-c3ccc4c(c3)CCN4)c2)C=C2C=NC=NC21,7.508638306165731
4342917,CN1C(=O)C(c2cccc(NC(=O)Nc3cc(C(C)(C)C)nn3-c3ccc4[nH]c(=O)ccc4c3)c2)C=C2C=NC=NC21,7.744727494896691
4342932,CN1C(=O)C(c2cccc(NC(=O)Nc3cc(C4CCCC4)nn3-c3ccc4[nH]c(=O)ccc4c3)c2)C=C2C=NC=NC21,7.096910013008058
2765779,CN1CC[C@@H](c2c(O)cc(O)c3c(=O)cc(-c4ccccc4Cl)oc23)[C@@H](O)C1,3.79588001734408
4342900,CNC(=O)c1cc(Oc2ccc(NC(=O)Nc3cc(C(C)(C)C)nn3-c3ccc4c(c3)CCNC4)cc2)ccn1,8.92081875395237
4342918,CNC(=O)c1cc(Oc2ccc(NC(=O)Nc3cc(C(C)(C)C)nn3-c3ccc4[nH]c(=O)ccc4c3)cc2)ccn1,8.63827216398241
4342933,CNC(=O)c1cc(Oc2ccc(NC(=O)Nc3cc(C4CCCC4)nn3-c3ccc4[nH]c(=O)ccc4c3)cc2)ccn1,8.20065945054642
4342969,CNC(=O)c1cc(Oc2ccc(NC(=O)Nc3cc(C(C)(C)C)nn3-c3ccc4nc(N)ccc4c3)cc2)ccn1,8.55284196865778
4342961,CNC(=O)c1cc(Oc2ccc(NC(=O)Nc3cc(C(C)(C)C)nn3-c3ccc4nc(NC)ccc4c3)cc2)ccn1,8.74472749489669
4342953,CNC(=O)c1cc(Oc2ccc(NC(=O)Nc3cc(C(C)(C)C)nn3-c3ccc4nc(NCCN)ccc4c3)cc2)ccn1,8.72124639904717
4342968,CNC(=O)c1cc(Oc2ccc(NC(=O)Nc3cc(C(C)(C)C)nn3-c3ccc4nc(N(C)C)ccc4c3)cc2)ccn1,8.82390874094432
4342951,CNC(=O)c1cc(Oc2ccc(NC(=O)Nc3cc(C(C)(C)C)nn3-c3ccc4nc(N5CCNCC5)ccc4c3)cc2)ccn1,8.74472749489669
4342954,CNC(=O)c1cc(Oc2ccc(NC(=O)Nc3cc(C(C)(C)C)nn3-c3ccc4nc(N5CC[C@@H](N(C)C)C5)ccc4c3)cc2)ccn1,8.3767507096021
4345404,C[C@H](N)C(=O)N1CCC(S(=O)(=O)c2ccc(Nc3ncc(/C=C/c4cccc5[nH]ccc45)cn3)cc2)CC1,6.85000678193277
4345378,Cc1ccc(/C=C/c2cnc(Nc3ccc(S(=O)(=O)C4CCNCC4)cc3)nc2)c2cc[nH]c12,7.00692776764474
4342952,Cc1ccc(NC(=O)Nc2cc(C(C)(C)C)nn2-c2ccc3nc(N4CCNCC4)ccc3c2)cc1Nc1nccc(-c2cccnc2)n1,8.39794000867204
4342943,Cc1ccc(NC(=O)Nc2cc(C(C)(C)C)nn2-c2cccc(CC(N)=O)c2)cc1Nc1nccc(-c2cccnc2)n1,8.74472749489669
4345343,Cc1nc(Nc2ccc(S(=O)(=O)C3CCNCC3)cc2)ncc1/C=C/c1cccc(O)c1,7.59354332167857
4342904,Cc1ccc(NC(=O)Nc2cc(C(C)(C)C)nn2-c2ccc3c(c2)CCNC3)cc1Nc1nccc(-c2cccnc2)n1,8.92081875395237
4342865,Cn1c(=O)c(-c2cccc(NC(=O)Nc3cc(C(C)(C)C)nn3-c3ccc4c(c3)CC(C(N)=O)NC4)c2)cc2cncnc21,8.56863623584101
4345377,O=S(=O)(c1ccc(Nc2ncc(/C=C/c3ccc(Cl)c4[nH]ccc34)cn2)cc1)C1CCNCC1,7.31539207129493
4342950,Cn1c(=O)c(-c2cccc(NC(=O)Nc3cc(C(C)(C)C)nn3-c3ccc4nc(N5CCNCC5)ccc4c3)c2)cc2cncnc21,7.67778070526608
4345425,O=C(Nc1ccc(/C=C/c2cnc(Nc3ccc(S(=O)(=O)C4CCNCC4)cc3)nc2)cc1)c1cccc(C(F)(F)F)c1,6.14576405468878
4345428,O=C(Nc1cccc(/C=C/c2cnc(Nc3ccc(S(=O)(=O)C4CCNCC4)cc3)nc2)c1)c1cccc(C(F)(F)F)c1,6.83151011239967
4345402,O=C(Nc1nc2ccc(/C=C/c3cnc(Nc4ccc(S(=O)(=O)C5CCNCC5)cc4)nc3)cc2s1)c1cccc(C(F)(F)F)c1,6.2467177211064815
4345392,O=S(=O)(c1ccc(Nc2ncc(/C=C/c3ccc(F)c4[nH]ccc34)cn2)cc1)C1CCNCC1,7.46186187229789
4345407,O=C(Nc1nc2ccc(/C=C/c3cnc(Nc4ccc(S(=O)(=O)C5CCNCC5)cc4)nc3)cc2s1)c1cccc(F)c1,5.88179939586717
4345306,NCC(=O)N1CCC(S(=O)(=O)c2ccc(Nc3ncc(/C=C/c4cccc5[nH]ccc45)cn3)cc2)CC1,6.6676790122219405
4345449,NS(=O)(=O)c1cccc(/C=C/c2cnc(Nc3ccc(S(=O)(=O)C4CCNCC4)cc3)nc2)c1,6.19368223214078
4345447,Nc1cccc(/C=C/c2cnc(Nc3ccc(S(=O)(=O)C4CCNCC4)cc3)nc2)n1,6.58451330133867
4345416,Nc1cccc(/C=C/c2cnc(Nc3ccc(S(=O)(=O)C4CCNCC4)cc3)nc2)c1,6.8798377224547815
4345426,Nc1nc2c(/C=C/c3cnc(Nc4ccc(S(=O)(=O)C5CCNCC5)cc4)nc3)cccc2s1,6.906719585573961
4345300,Nc1nc2cc(/C=C/c3cnc(Nc4ccc(S(=O)(=O)C5CCNCC5)cc4)nc3)ccc2s1,6.68829264779531
4345321,Nc1nc2ccc(/C=C/c3cnc(Nc4ccc(S(=O)(=O)N5CCNCC5)c(N)c4)nc3)cc2s1,6.5646810183946
4345301,Nc1nc2ccc(/C=C/c3cnc(Nc4ccc(S(=O)(=O)N5CCCNCC5)cc4F)nc3)cc2s1,5.061360410944942
4345442,Nc1nc2ccc(/C=C/c3cnc(Nc4ccc(S(=O)(=O)NC5CCCNC5)cc4)nc3)cc2s1,5.94418058561872
4345439,O=C(c1ccc(Nc2ncc(/C=C/c3cccc4[nH]ncc34)cn2)cc1)N1CCNCC1,7.1676790122219405
4342878,O=C1CCc2cc(-n3nc(C4CCCC4)cc3NC(=O)Nc3cccc(Oc4cccnc4)c3)ccc2N1,7.3187587626244115
4345383,O=C1Cc2c(/C=C/c3cnc(Nc4ccc(S(=O)(=O)C5CCNCC5)cc4)nc3)cccc2N1,6.27008521092546
4345340,O=S(=O)(c1ccc(Nc2ncc(/C=C/c3ccc(-c4ncc[nH]4)cc3)cn2)cc1)C1CCNCC1,6.158269343750138
4345297,O=S(=O)(c1ccc(Nc2ncc(/C=C/c3ccc(-c4nnn[nH]4)cc3)cn2)cc1)C1CCNCC1,5.776787107386639
4345440,O=S(=O)(c1ccc(Nc2ncc(/C=C/c3n[nH]c4ccccc34)cn2)cc1)C1CCNCC1,6.70680763165282
4345311,O=S(=O)(c1ccc(Nc2ncc(/C=C/c3cccc(-c4cn[nH]c4)c3)cn2)cc1)C1CCNCC1,5.731392780727942
4345376,O=S(=O)(NC1CCNCC1)c1ccc(Nc2ncc(/C=C/c3cccc4[nH]ncc34)cn2)cc1,7.4810478213437985
4345367,O=S(=O)(c1ccc(Nc2ncc(/C=C/c3cccc4[nH]ccc34)cn2)cc1)C1CCN(CCO)CC1,7.38518467224575
4345329,OCCN1CCN(c2cccc(Nc3ncc(/C=C/c4ccc5[nH]ccc5c4)s3)c2)CC1,6.36081300056453
4345357,OCCN1CCN(c2cccc(Nc3ncc(/C=C/c4cccc5[nH]ccc45)cn3)c2)CC1,5.87478999884555
4345275,O=S(=O)(c1ccc(Nc2ncc(/C=C/c3cccc(CO)c3)cn2)cc1)C1CCNCC1,6.7115932983928
4345354,O=S(=O)(c1ccc(Nc2ncc(/C=C/c3ccc(O)c(O)c3)cn2)cc1)C1CCNCC1,7.5
4345326,Oc1ccc(/C=C/c2cnc(Nc3cccc(OCCN4CCCC4)c3)s2)cc1,6.67930260996698
4345288,Oc1ccc(Cl)c(/C=C/c2cnc(Nc3ccc(OCCN4CCCC4)cc3)nc2)c1,6.94919519138344
4345286,O=S(=O)(NCCN1CCCC1)c1ccc(Nc2ncc(CCc3cc(O)ccc3Cl)cn2)cc1,7.197617057648059
4345282,O=S(=O)(c1ccc(Nc2ccc(/C=C/c3cccc(O)c3)cn2)cc1)C1CCNCC1,7.105774396488268
4345380,Oc1cccc(/C=C/c2cnc(Nc3ccc(N4CCNCC4)cc3)s2)c1,7.31819401005393
4345381,Oc1cccc(/C=C/c2cnc(Nc3cccc(N4CCNCC4)c3)s2)c1,7.13647349432307
4345293,O=S(=O)(NC1CCCNC1)c1ccc(Nc2ncc(/C=C/c3cccc(O)c3)cn2)cc1,7.57133375178437
4345401,O=S(=O)(NC1CCNCC1)c1ccc(Nc2ncc(/C=C/c3cccc(O)c3)cn2)cc1,7.890469833775572
4345359,O=S(=O)(c1cccc(Nc2ncc(/C=C/c3cccc(O)c3)s2)c1)N1CCNCC1,6.233082207881969
4345320,O=S(=O)(c1ccc(Nc2ncc(/C=C/c3cc(Cl)cc4[nH]nnc34)cn2)cc1)N1CCCNCC1,7.59154808031217
4345452,O=S(=O)(c1ccc(Nc2ncc(/C=C/c3cc(Cl)cc4[nH]nnc34)cn2)cc1)N1CCNCC1,7.44622543512766
4207986,Clc1ccc2c(c1)Cc1c-2n[nH]c1Nc1cccnc1,5.85387196432176
4207713,Clc1cccc(Cl)c1CNc1[nH]nc2c1Cc1c(OCCCN3CCOCC3)cccc1-2,6.65955588515988
4207508,Clc1cccc(Nc2[nH]nc3c2Cc2cc4c(cc2-3)OCO4)c1,6.50445566245355
4342877,Cn1c(=O)c(-c2cccc(NC(=O)Nc3cc(C(C)(C)C)nn3-c3ccc4c(c3)CCC(=O)N4)c2)cc2cncnc21,7.886056647693159
4342883,Cn1c(=O)c(-c2cccc(NC(=O)Nc3cc(C4CCCC4)nn3-c3ccc4c(c3)CCC(=O)N4)c2)cc2cncnc21,7.2839966563652
4342947,Cn1c(=O)c(-c2cccc(NC(=O)Nc3cc(C(C)(C)C)nn3-c3ccc4[nH]ccc4c3)c2)cc2cncnc21,7.95860731484177
4342955,Cn1c(=O)c(-c2cccc(NC(=O)Nc3cc(C(C)(C)C)nn3-c3cccc(CC(N)=O)c3)c2)cc2cncnc21,7.63827216398241
4342690,Cn1c(=O)c(-c2cccc(NC(=O)Nc3cc(C4CCCC4)nn3-c3cccc(CC(N)=O)c3)c2)cc2cncnc21,7.11350927482752
4342718,Cn1ccc2cc(-n3nc(C(C)(C)C)cc3NC(=O)Nc3cccc(Cl)c3Cl)ccc21,6.6382721639824105
4345351,O=S(=O)(c1ccc(Nc2ncc(/C=C/c3cc(C(F)(F)F)cc4[nH]cnc34)cn2)cc1)C1CCNCC1,6.39367984323258
4345350,O=S(=O)(c1ccc(Nc2ncc(/C=C/c3cc(C(F)(F)F)cc4[nH]nnc34)cn2)cc1)C1CCNCC1,7.0204793038394495
4345303,O=S(=O)(c1ccc(Nc2ncc(/C=C/c3cc(C(F)(F)F)cc4[nH]nnc34)cn2)cc1)N1CCCNCC1,7.20153659282851
4345299,O=S(=O)(c1ccc(Nc2ncc(/C=C/c3cc(C(F)(F)F)cc4[nH]nnc34)cn2)cc1)N1CCNCC1,6.8104288566763405
3200417,O=C(Nc1cccc(C(F)(F)F)c1)c1ccccc1NCc1ccncc1,5.54975089168064
4345328,O=C(Nc1ccc(/C=C/c2cnc(Nc3cccc(N4CCNCC4)c3)s2)cc1)c1cccc(C(F)(F)F)c1,5.82952088933303
4345368,O=C(Nc1ccc(Cl)c(/C=C/c2cnc(Nc3ccc(S(=O)(=O)C4CCNCC4)cc3)nc2)c1)c1cccc(C(F)(F)F)c1,6.8098943791442
4345366,O=C(Nc1cccc(/C=C/c2cnc(Nc3cccnc3)nc2)c1)c1cccc(C(F)(F)F)c1,6.829738284605041
4345335,O=C(Nc1nc2ccc(/C=C/c3cnc(Nc4ccc(S(=O)(=O)N5CCNCC5)cc4)nc3)cc2s1)c1cccc(C(F)(F)F)c1,5.27169553642954
4207747,Fc1ccc(F)c(Nc2[nH]nc3c2Cc2ccccc2-3)c1,5.66154350639539
4207901,Fc1ccc(Nc2[nH]nc3c2Cc2cc(F)ccc2-3)cc1,6.66354026615147
4207566,Fc1ccc(Nc2[nH]nc3c2oc2ccccc23)cc1Cl,5.82506840647156
4207902,Fc1ccc2c(c1)Cc1c-2n[nH]c1Nc1ccc(F)c(Cl)c1,5.57675412606319
4207678,Fc1cccc(Nc2[nH]nc3c2Cc2ccc(F)cc2-3)c1,5.481486060122111
4207664,Fc1ccc2c(c1)-c1n[nH]c(Nc3ccccc3)c1C2,6.70333480973847
4207716,Fc1cccc(Nc2[nH]nc3c2Cc2ccccc2-3)c1,5.56193254954651
4207565,Fc1cccc(Nc2[nH]nc3c2oc2ccccc23)c1,6.48545224733971
4345432,N#Cc1ccc(Nc2ncc(/C=C/c3cccc4[nH]ccc34)cn2)cc1,6.7594507517174005
4345446,N=C(N)c1cccc(/C=C/c2cnc(Nc3ccc(S(=O)(=O)C4CCNCC4)cc3)nc2)c1,4.85552903307356
4345309,NC(=O)CN(C1CCNCC1)S(=O)(=O)c1ccc(Nc2ncc(/C=C/c3ccc4nc(N)sc4c3)cn2)cc1,6.98232516173851
4342851,NC(=O)Cc1ccc(-n2nc(C3CCCC3)cc2NC(=O)Nc2cccc(Cl)c2Cl)cc1,5.318758762624411
4342850,NC(=O)Cc1ccc(-n2nc(-c3ccccc3F)cc2NC(=O)Nc2cccc(Cl)c2Cl)cc1,5.92081875395237
4342847,NC(=O)Cc1cccc(-c2ccc(C(F)(F)F)cc2NC(=O)Nc2ccc(-c3cccc4c3CNC4=O)cc2)c1,6.602059991327961
4342783,NC(=O)Cc1cccc(-n2nc(C3CCCC3)cc2NC(=O)Nc2ccc(-c3cccc4c3CNC4=O)cc2)c1,6.95860731484177
4342786,NC(=O)Cc1cccc(-n2nc(C3CCCC3)cc2NC(=O)Nc2cccc(Cl)c2Cl)c1,5.318758762624411
4342778,NC(=O)Cc1cccc(-n2nc(C(F)(F)F)cc2NC(=O)Nc2cccc(Oc3cccnc3)c2)c1,6.53760200210104
4342776,NC(=O)Cc1cccc(-n2nc(-c3ccccc3)cc2NC(=O)Nc2cccc(Oc3cccnc3)c2)c1,5.602059991327961
4342777,NC(=O)Cc1cccc(-n2nc(-c3cccs3)cc2NC(=O)Nc2cccc(Oc3cccnc3)c2)c1,5.508638306165731
2747,NC1=NC(=O)/C(=C2\CCNC(=O)c3[nH]c(Br)cc32)N1,5.397940008672039
4345457,Nc1nc2ccc(/C=C/c3cnc(Nc4ccc(S(=O)(=O)N5CCC(N)CC5)cc4)nc3)cc2s1,7.527265707434091
4345281,NC1CCN(S(=O)(=O)c2ccc(Nc3ncc(/C=C/c4cccc5[nH]ccc45)cn3)cc2)CC1,7.17286358645115
4345458,NC1CCN(S(=O)(=O)c2ccc(Nc3ncc(/C=C/c4cccc5[nH]ncc45)cn3)cc2)CC1,7.527191860386631
4345341,NC1Cc2ccc(/C=C/c3cnc(Nc4ccc(S(=O)(=O)N5CCC(CO)CC5)cc4)nc3)cc2C1,5.208837614785
4345396,NS(=O)(=O)c1ccc(/C=C/c2cnc(Nc3ccc(S(=O)(=O)N4CCCNCC4)cc3)nc2)cc1,6.26794458610249
4345395,NS(=O)(=O)c1cccc(/C=C/c2cnc(Nc3ccc(S(=O)(=O)N4CCCNCC4)cc3)nc2)c1,5.859979569891991
4345400,Nc1cc(C(F)(F)F)cc(/C=C/c2cnc(Nc3ccc(S(=O)(=O)C4CCNCC4)cc3)nc2)c1N,6.48005510113191
4278592,Nc1ccc(C(=O)Nc2cccc(Nc3nccc(-c4cccnc4)n3)c2)cc1,5.310691140876379
4208044,Nc1ccc2c(c1)Cc1c-2n[nH]c1Nc1cccc(Cl)c1,6.2806687130162695
4345277,Nc1cn2cc(/C=C/c3cnc(Nc4ccc(S(=O)(=O)C5CCNCC5)cc4)nc3)ccc2n1,6.59764412445735
4345279,Nc1nc2cc(C(F)(F)F)cc(/C=C/c3cnc(Nc4ccc(S(=O)(=O)C5CCNCC5)cc4)nc3)c2[nH]1,6.74061146553661
4345412,Nc1nc2ccc(/C=C/c3cnc(Nc4ccc(CCCN5CCCC5)cc4)nc3)cc2s1,5.15638048122477
4345450,Nc1nc2ccc(/C=C/c3cnc(Nc4ccc(OC5CCNCC5)cc4)nc3)cc2s1,6.47762823345279
4345289,Nc1nc2ccc(/C=C/c3cnc(Nc4ccc(S(=O)(=O)N5CCCNCC5)c(F)c4)nc3)cc2s1,6.902562526034808
4345420,Nc1nc2ccc(/C=C/c3cnc(Nc4ccc(S(=O)(=O)N5CCNCC5)c(F)c4)nc3)cc2s1,7.01343607320015
4345291,Nc1nc2ccc(/C=C/c3cnc(Nc4ccc(S(=O)(=O)N5CCNCC5)c(NCCO)c4)nc3)cc2s1,6.80967734040454
4345421,Nc1nc2ccc(/C=C/c3cnc(Nc4ccc(S(=O)(=O)N5CCNCC5)c(C(F)(F)F)c4)nc3)cc2s1,5.83459026675208
4345394,Nc1nc2ccc(/C=C/c3cnc(Nc4ccc(S(=O)(=O)N5CCNCC5)c(N5CCNCC5)c4)nc3)cc2s1,6.6578646460354
4345316,Nc1nc2ccc(/C=C/c3cnc(Nc4ccc(S(=O)(=O)NCCO)c(N5CCNCC5)c4)nc3)cc2s1,6.34192043594602
4345273,Nc1nc2ccc(/C=C/c3cnc(Nc4ccc(S(=O)(=O)C5CCNCC5)cc4)nc3)cc2[nH]1,6.74440603334139
4345445,Nc1nc2ccc(/C=C/c3cnc(Nc4ccc(S(=O)(=O)C5CCNCC5)cc4)nc3)cc2s1,7.268801001050519
4345398,Nc1nc2ccc(/C=C/c3cnc(Nc4ccc(S(=O)(=O)CCCN5CCCC5)cc4)nc3)cc2s1,6.926734438996282
4345307,Nc1nc2ccc(/C=C/c3cnc(Nc4ccc(S(=O)(=O)N(CCO)C5CCNCC5)cc4)nc3)cc2s1,7.27860338703012
4345342,Nc1nc2ccc(/C=C/c3cnc(Nc4ccc(S(=O)(=O)N5CCC(NCCO)CC5)cc4)nc3)cc2s1,6.81849502863057
4345403,Nc1nc2ccc(/C=C/c3cnc(Nc4ccc(S(=O)(=O)N5CCC(CO)CC5)cc4)nc3)cc2s1,6.53585841654968
4345278,Nc1nc2ccc(/C=C/c3cnc(Nc4ccc(S(=O)(=O)N5CCC(O)CC5)cc4)nc3)cc2s1,6.267104908364309
4345413,Nc1nc2ccc(/C=C/c3cnc(Nc4ccc(S(=O)(=O)N5CCCC(O)C5)cc4)nc3)cc2s1,6.517051239917951
4345296,Nc1nc2ccc(/C=C/c3cnc(Nc4ccc(S(=O)(=O)N5CCCNCC5)cc4)nc3)cc2s1,7.53325635607565
4345274,Nc1nc2ccc(/C=C/c3cnc(Nc4ccc(S(=O)(=O)N5CCNCC5)cc4)nc3)cc2s1,7.40907820602761
4345346,Nc1nc2ccc(/C=C/c3cnc(Nc4ccc(S(=O)(=O)N5CCNCC5CO)cc4)nc3)cc2s1,6.93187759912693
4345322,Nc1nc2ccc(/C=C/c3cnc(Nc4ccc(SCCN5CCOCC5)cc4)nc3)cc2s1,6.060739102249402
4345319,Nc1nc2ccc(/C=C/c3cnc(Nc4ccc(C(=O)N5CCNCC5)cc4)nc3)cc2s1,6.75208912330705
4345456,Nc1nc2ccc(/C=C/c3cnc(Nc4ccc(S(=O)(=O)C5CCCNCC5)cc4)nc3)cc2s1,7.7112541000813914
4345451,Nc1nc2ccc(/C=C/c3cnc(Nc4ccc(S(=O)(=O)CC5CCNCC5)cc4)nc3)cc2s1,6.945649851552769
4345375,Nc1nc2ccc(/C=C/c3cnc(Nc4ccc(S(=O)(=O)NC5CCNCC5)cc4)nc3)cc2s1,7.432752072082659
4345345,Nc1nc2ccc(/C=C/c3cnc(Nc4ccc(S(=O)CCN5CCOCC5)cc4)nc3)cc2s1,6.55682233022076
4345313,Nc1noc2c(/C=C/c3cnc(Nc4ccc(S(=O)(=O)N5CCNCC5)c(NCCO)c4)nc3)cccc12,6.599504069369909
4345339,Nc1noc2c(/C=C/c3cnc(Nc4ccc(S(=O)(=O)C5CCNCC5)cc4)nc3)cccc12,7.5123530423219
4345338,Nc1noc2cc(/C=C/c3cnc(Nc4ccc(S(=O)(=O)C5CCNCC5)cc4)nc3)ccc12,6.07320990291984
4342934,O=C(Nc1cccc(Oc2cccnc2)c1)Nc1cc(C2CCCC2)nn1-c1ccc2[nH]c(=O)ccc2c1,7.481486060122111
4184826,O=C(Nc1cc2ccccc2cn1)c1ccccc1NCc1ccncc1,5.2732727909734285
4336700,O=C(Nc1ccc2[nH]nc(-c3nc4cc(N5CCC(N6CCCCC6)CC5)ccc4[nH]3)c2c1)c1ccco1,6.82390874094432
4345331,O=S(=O)(c1ccc(Nc2ncc(/C=C/c3ccc4[nH]nnc4c3)cn2)cc1)C1CCNCC1,6.72781092802109
4345352,O=S(=O)(c1ccc(Nc2ncc(/C=C/c3cccc(-c4ncc[nH]4)c3)cn2)cc1)C1CCNCC1,6.182016985822671
4345429,O=S(=O)(c1ccc(Nc2ncc(/C=C/c3cccc4[nH]ccc34)cn2)cc1)C1CCNCC1,7.506569364854982
4345448,O=S(=O)(c1ccc(Nc2ncc(/C=C/c3ccnc4[nH]ccc34)cn2)cc1)C1CCNCC1,7.104014399489619
4345431,O=S(=O)(c1ccc(Nc2ncc(/C=C/c3ccc4[nH]ccc4c3)cn2)cc1)C1CCNCC1,7.1459595947658805
4345434,O=S(=O)(c1ccc(Nc2ncc(/C=C/c3ccc4[nH]ncc4c3)cn2)cc1)C1CCNCC1,6.684755552138151
4345370,O=S(=O)(CCCN1CCCC1)c1ccc(Nc2ncc(/C=C/c3cccc4[nH]ccc34)cn2)cc1,7.1497346715107
4345397,O=S(=O)(CCCN1CCCC1)c1ccc(Nc2ncc(/C=C/c3cccc4[nH]ncc34)cn2)cc1,7.65775685390563
4345406,O=S(=O)(CCCN1CCNCC1)c1ccc(Nc2ncc(/C=C/c3cccc4[nH]ccc34)cn2)cc1,6.78959320908716
4345379,O=S(=O)(c1ccc(Nc2ncc(/C=C/c3cccc4[nH]ccc34)cn2)cc1)N1CCCNCC1,7.29801101816532
4345405,O=S(=O)(c1ccc(Nc2ncc(/C=C/c3cccc4[nH]ncc34)cn2)cc1)N1CCCNCC1,7.32800046547142
4345411,O=S(=O)(c1ccc(Nc2ncc(/C=C/c3ccc(-c4cn[nH]c4)cc3)cn2)cc1)N1CCNCC1,5.6651556459719
4345372,O=S(=O)(c1ccc(Nc2ncc(/C=C/c3cccc4[nH]ccc34)cn2)cc1)N1CCNCC1,7.002182402701219
4345408,O=S(=O)(c1ccc(Nc2ncc(/C=C/c3cccc4[nH]ncc34)cn2)cc1N1CCNCC1)N1CCNCC1,7.08631536347309
4345333,O=S(=O)(c1ccc(Nc2ncc(/C=C/c3ccc(-c4c[nH]cn4)cc3)cn2)cc1)N1CCNCC1,5.42060171521272
4345334,O=S(=O)(c1ccc(Nc2ncc(/C=C/c3cccc4[nH]ncc34)cn2)cc1)N1CCNCC1,6.94782474037863
4345373,O=S(=O)(c1cccc(Nc2ncc(/C=C/c3cccc4[nH]ccc34)cn2)c1)N1CCNCC1,5.80630508683064
4345337,O=S(=O)(NC1CCNCC1)c1ccc(Nc2ncc(/C=C/c3cccc4[nH]ccc34)cn2)cc1,7.23528482281651
4345433,O=S(=O)(NCCN1CCCC1)c1ccc(Nc2ncc(/C=C/c3cccc4[nH]ccc34)cn2)cc1,6.858485145103071
4345312,O=S(=O)(NCCN1CCCC1)c1ccc(Nc2ncc(/C=C/c3cccc4[nH]ncc34)cn2)cc1,7.49766738337606
4345388,C(=C/c1cccc2[nH]ccc12)\c1cnc(Nc2ccc(OC3CCNCC3)cc2)nc1,6.881983426441178
4345399,C(=C/c1cccc2[nH]ncc12)\c1cnc(Nc2ccc(OC3CCNCC3)cc2)nc1,7.43724310204794
4345393,C=Cc1cnc(Nc2ccc(S(=O)(=O)N3CCNCC3)c(N3CCNCC3)c2)nc1,4.99356452249724
4345332,C=Cc1cnc(Nc2ccc(S(=O)(=O)C3CCNCC3)cc2)nc1,6.14556869053619
4345276,O=C(Nc1cn2cc(/C=C/c3cnc(Nc4ccc(S(=O)(=O)C5CCNCC5)cc4)nc3)ccc2n1)C(F)(F)F,6.13511397344586
4345386,O=S(=O)(c1ccc(Nc2ncc(/C=C/c3cccc(C(F)(F)F)c3)cn2)cc1)C1CCNCC1,5.87140078693033
4345283,O=S(=O)(c1ccc(Nc2ncc(/C=C/c3cc(F)cc4[nH]nnc34)cn2)cc1)C1CCNCC1,8.03174312876055
4345384,O=S(=O)(c1ccc(Nc2ncc(/C=C/c3cccc4[nH]ncc34)cn2)cc1)C1CCNCC1,8.180755371522679
4345409,O=S(=O)(c1ccc(Nc2ncc(/C=C/c3cccc4[nH]ccc34)cn2)cc1N1CCNCC1)N1CCNCC1,6.56438872162015
4345418,Oc1cccc(/C=C/c2cnc(Nc3ccc(OCCN4CCCC4)cc3)nc2)c1,7.02506114798156
4342754,O=C(O)Cc1cccc(-n2nc(C3CCCC3)cc2NC(=O)Nc2cccc(Cl)c2Cl)c1,5.4089353929735005
4345298,O=S(=O)(c1ccc(Nc2ncc(/C=C/c3ccc4c(c3)CCC4O)cn2)cc1)C1CCNCC1,6.78784508987712
4207920,OCC(O)COc1cccc2c1Cc1c-2n[nH]c1Nc1cccc(Br)c1,6.21968268785985
4207837,OCC(O)COc1cccc2c1Cc1c-2n[nH]c1Nc1cccc(F)c1,7.5686362358410095
4345294,O=S(=O)(c1ccc(Nc2ncc(/C=C/c3cccc(O)c3)cn2)cc1)N1CCC(CO)CC1,7.15269740053322
4345295,O=S(=O)(c1ccc(Nc2ncc(/C=C/c3cccc(O)c3)cn2)cc1)N1CCC(CCO)CC1,7.27030375612038
4345414,O=S(=O)(NCCCO)c1ccc(Nc2ncc(/C=C/c3cccc(O)c3)cn2)cc1,7.50069598534245
4207602,OCCCOc1cc2c(cc1OCCCO)-c1n[nH]c(Nc3ccc(F)c(Cl)c3)c1C2,7.769551078621732
4207522,OCCCOc1cc2c(cc1OCCCO)-c1n[nH]c(Nc3cccc(Cl)c3)c1C2,8.0
4207640,OCCCOc1cc2c(cc1OCCCO)-c1n[nH]c(Nc3cccc(F)c3)c1C2,8.0
4345318,O=S(=O)(c1ccc(Nc2ncc(/C=C/c3cccc4[nH]ccc34)cn2)cc1)N(CCO)C1CCNCC1,6.25220008255369
4345310,O=S(=O)(c1ccc(Nc2ncc(/C=C/c3cccc4[nH]ncc34)cn2)cc1)N(CCO)C1CCNCC1,6.8569177766732405
4345365,O=S(=O)(NCCO)c1ccc(Nc2ncc(/C=C/c3cccc(O)c3)cn2)cc1N1CCNCC1,6.7347464727314295
4345317,O=S(=O)(NCCO)c1ccc(Nc2ncc(/C=C/c3cccc4[nH]ncc34)cn2)cc1N1CCNCC1,7.30719686320084
4345374,O=S(=O)(NCCO)c1ccc(Nc2ncc(/C=C/c3ccccc3)cn2)cc1N1CCNCC1,5.762888953253371
4345314,O=S(=O)(c1ccc(Nc2ncc(/C=C/c3cccc(O)c3)cn2)cc1NCCO)N1CCNCC1,7.622291268594531
4345292,O=S(=O)(c1ccc(Nc2ncc(/C=C/c3cccc4[nH]ncc34)cn2)cc1NCCO)N1CCNCC1,7.40986536116556
4345315,O=S(=O)(c1ccc(Nc2ncc(/C=C/c3ccccc3)cn2)cc1NCCO)N1CCNCC1,6.2423943478361
4345302,O=S(=O)(c1ccc(Nc2ncc(/C=C/c3ccc4c(c3)CC/C4=N\O)cn2)cc1)C1CCNCC1,5.75639114277388
4345385,O=S(=O)(O)C(F)(F)F.O=S(=O)(c1ccc(Nc2ncc(/C=C/c3ccc(C(F)F)cc3)cn2)cc1)C1CCNCC1,6.12184553342409
4345444,O=S(=O)(O)C(F)(F)F.O=S(=O)(c1ccc(Nc2ncc(/C=C/c3cccc(C(F)F)c3)cn2)cc1)C1CCNCC1,6.55192435809754
4345443,O=S(=O)(O)C(F)(F)F.O=S(=O)(c1ccc(Nc2ncc(/C=C/c3ccc4[nH]cnc4c3)cn2)cc1)C1CCNCC1,5.55334831219514
4345430,O=S(=O)(c1ccc(Nc2ncc(/C=C/c3ccc(F)c(O)c3)cn2)cc1)C1CCNCC1,7.29621957525682
4345284,O=S(=O)(c1ccc(Nc2ncc(/C=C/c3ccc(O)cc3)cn2)cc1)C1CCNCC1,7.65937938131221
4345327,Oc1ccc(/C=C/c2cnc(Nc3cccc(N4CCNCC4)c3)s2)cc1,7.45610929109523
2240091,O=C1[C@H](Cc2ccc(O)cc2)N=C(c2ccc(O)cc2)c2cc(Cl)ccc2N1Cc1ccccc1,3.0310503190186604
4345415,O=S(=O)(c1ccc(Nc2ncc(/C=C/c3cc(O)ccc3Cl)cn2)cc1)C1CCNCC1,7.71897258517181
4345285,O=S(=O)(NCCN1CCCC1)c1ccc(Nc2ncc(/C=C/c3cc(O)ccc3Cl)cn2)cc1,7.26122233390051
4345308,O=S(=O)(NCCN1CCCC1)c1ccc(Nc2ncc(/C=C/c3cc(O)ccc3Cl)s2)cc1,6.050609993355089
4345417,O=S(=O)(NCCN1CCCC1)c1ccc(Nc2ncc(/C=C/c3cc(O)ccc3F)cn2)cc1,7.110924374808179
4345424,O=S(=O)(c1cc(F)c(Nc2ncc(/C=C/c3cccc(O)c3)cn2)cc1F)N1CCNCC1,5.57884518857662
4345360,Oc1cccc(/C=C/c2cnc(Nc3cc(N4CCNCC4)ncn3)s2)c1,7.90623963958177
4345423,O=S(=O)(c1ccc(Nc2ncc(/C=C/c3cccc(O)c3)cn2)cc1F)N1CCNCC1,6.9134651681813715
4345435,O=S(=O)(c1ccc(Nc2ncc(/C=C/c3cccc(O)c3)cn2)cc1OC(F)(F)F)N1CCNCC1,6.56850521257106
4345422,O=S(=O)(c1ccc(Nc2ncc(/C=C/c3cccc(O)c3)cn2)cc1C(F)(F)F)N1CCNCC1,6.2522139564469885
4345287,O=S(=O)(c1ccc(Nc2ncc(/C=C/c3cccc(O)c3)cn2)cc1)C1CCNCC1,8.21356419889976
4345437,O=S(=O)(CC1CCNCC1)c1ccc(Nc2ncc(/C=C/c3cccc(O)c3)cn2)cc1,7.263183536563081
4345353,O=S(=O)(c1ccc(Nc2ncc(/C=C/c3cccc(O)c3)cn2)cc1)N1CCNCC1,7.909507209606629
4345389,O=S(=O)(c1ccc(Nc2ncc(/C=C/c3cccc(O)c3)s2)cc1)N1CCNCC1,6.61139899793659
4345391,O=S(=O)(NC1CCNCC1)c1ccc(Nc2ncc(/C=C/c3cccc(O)c3)cn2)cc1,7.22796597782486
4345280,O=S(=O)(NCCN1CCCC1)c1ccc(Nc2ncc(/C=C/c3cccc(O)c3)cn2)cc1,7.499761269312768
4345436,O=S(=O)(c1ccc(Nc2ncc(/C=C/c3cccc(O)c3)cn2)c(C(F)(F)F)c1)N1CCNCC1,3.5825005230252303
