MR_ID,smiles,AURKA
4310952,Brc1ccccc1Nc1nccc(-c2c[nH]c3ncccc23)n1,6.75696195131371
4361793,O=C(Nc1ncc(Br)s1)c1ccccc1,5.25963731050576
4361750,Brc1ccc(Nc2ncc(Br)s2)cc1,5.53760200210104
4361754,N#Cc1ccc(Nc2ncc(Br)s2)cc1,5.67778070526608
4361763,O=C(Nc1ccc(Nc2ncc(Br)s2)cc1)c1ccccc1,5.03621217265444
4361758,Brc1cnc(Nc2ccc(Oc3ccccc3)cc2)s1,5.85387196432176
4361759,Brc1cnc(Nc2ccc(Oc3ccncc3)cc2)s1,6.0457574905606695
4361772,O=C(NCCN1CCCC1)c1ccc(Nc2ncc(Br)s2)cc1,5.27408836770495
4361771,O=C(NCCN1CCOCC1)c1ccc(Nc2ncc(Br)s2)cc1,5.6382721639824105
4361778,N#Cc1cccc(Nc2ncc(Br)s2)c1,5.82390874094432
4361741,Brc1cnc(Nc2cccc3ccccc23)s1,5.30102999566398
4361748,Brc1cnc(Nc2ccccc2)s1,5.95860731484177
4276902,Brc1cnc(Nc2ccccn2)s1,5.69897000433602
4361796,Brc1cnc(Nc2cccnc2)s1,5.44369749923271
4361742,Brc1cnc(Nc2ccncc2)s1,5.10790539730952
4318338,c1cc(Nc2ncc3cnn(C4CCCCC4)c3n2)ccc1CNCCN1CCOCC1,6.0
4318327,c1cc(Nc2ncc3cnn(C4CCOCC4)c3n2)ccc1CNCCN1CCOCC1,5.30102999566398
4318319,c1cc(Nc2ncc3cnn([C@H]4C[C@@H]5CC[C@@H]4C5)c3n2)ccc1CNCCN1CCOCC1,6.30102999566398
4335519,c1ccc2c(-c3cnc4[nH]nc(-c5nc6c(COCCN7CCOCC7)cccc6[nH]5)c4c3)cncc2c1,5.6447400944726205
4310922,c1cnc2[nH]cc(-c3ccnc(Nc4ccc(CCN5CCCC5)cc4)n3)c2c1,6.79048498545737
4310945,c1cnc2[nH]cc(-c3ccnc(Nc4ccc(CCN5CCNCC5)cc4)n3)c2c1,6.596879478824179
4310947,c1cnc2[nH]cc(-c3ccnc(Nc4ccc(CCN5CCOCC5)cc4)n3)c2c1,6.76195389687121
4335511,c1ccc2c(-c3cnc4[nH]nc(-c5nc6c(CN7CCCC7)cccc6[nH]5)c4c3)cncc2c1,5.7649768405047785
4335512,c1ccc2c(-c3cnc4[nH]nc(-c5nc6c(CN7CCCCC7)cccc6[nH]5)c4c3)cncc2c1,5.86327943284359
4318288,c1ccc(N2CCN(Cc3ccc(Nc4ncc5cnn(C6CCCCC6)c5n4)cc3)CC2)nc1,6.602059991327961
4318286,c1cc(Nc2ncc3cnn(C4CCCCC4)c3n2)ccc1CN1CCOCC1,7.79588001734408
4318295,c1cc(Nc2ncc3cnn(C4CCOCC4)c3n2)ccc1CN1CCOCC1,6.0
4318296,c1cc(Nc2ncc3cnn([C@H]4C[C@@H]5CC[C@@H]4C5)c3n2)ccc1CN1CCOCC1,6.79588001734408
4335513,c1ccc2c(-c3cnc4[nH]nc(-c5nc6c(CN7CCOCC7)cccc6[nH]5)c4c3)cncc2c1,5.0
4318321,c1cc(Nc2ncc3cnn(C4CCCCC4)c3n2)ccc1CNC1CCOCC1,5.79588001734408
4360559,c1ccc2c(c1)CC(NCc1ccc(Nc3ncc4cnn([C@H]5C[C@@H]6CC[C@H]5C6)c4n3)cc1)C2,7.508638306165731
4310942,c1cnc2[nH]cc(-c3ccnc(NCC4CCCCC4)n3)c2c1,6.19674778856954
4335516,c1ccc2c(-c3cnc4[nH]nc(-c5nc6c(Cn7ccnc7)cccc6[nH]5)c4c3)cncc2c1,5.0
4310905,c1cnc2[nH]cc(-c3ccnc(NC4CCNCC4)n3)c2c1,5.885389015767831
4310900,c1cnc2[nH]cc(-c3ccnc(NC4CCOCC4)n3)c2c1,5.820161071976808
4310980,c1cnc2[nH]cc(-c3ccnc(N[C@H]4CC5CCC4C5)n3)c2c1,6.35912122129838
4310979,c1cnc2[nH]cc(-c3ccnc(N[C@@H]4CC5CCC4C5)n3)c2c1,6.24703013497092
4310940,c1cnc2[nH]cc(-c3ccnc(NC4CCCC4)n3)c2c1,6.05305672930217
4310921,c1cnc2[nH]cc(-c3ccnc(NC4CCCCC4)n3)c2c1,6.58004425151024
4318359,c1ccc(N2CCN(c3ccc(Nc4ncc5cnn(C6CCCCC6)c5n4)cc3)CC2)nc1,7.397940008672039
4318363,c1cc(N2CCNCC2)ccc1Nc1ncc2cnn(C3CCCCC3)c2n1,6.602059991327961
4318346,c1cc(N2CCOCC2)ccc1Nc1ncc2cnn(C3CCCCC3)c2n1,7.2218487496163615
4360558,c1ncn(-c2ccc(Nc3ncc4cnn(C5CCCCC5)c4n3)cc2)n1,6.903089986991942
4318282,c1cc(Nc2ncc3cnn(C4CCCCC4)c3n2)ncc1N1CCOCC1,5.600326278518961
4318351,c1cc(N2CCOCC2)ncc1Nc1ncc2cnn(C3CCCCC3)c2n1,6.096910013008058
4360569,c1cc2cc(Nc3ncc4cnn(C5CCCCC5)c4n3)ccc2[nH]1,6.5003129173816
4310941,c1cnc2[nH]cc(-c3ccnc(NC4CCCCCC4)n3)c2c1,6.779891911959949
4324077,c1ccc2c(-c3ccnc(Nc4ccc(N5CCNCC5)cc4)n3)c[nH]c2c1,6.655607726314889
4324087,c1ccc2c(-c3ccnc(Nc4ccc(N5CCOCC5)cc4)n3)c[nH]c2c1,6.66554997225618
4335553,c1ccc2c(-c3cnc4[nH]nc(-c5nc6cc(N7CCOCC7)ccc6[nH]5)c4c3)cncc2c1,7.38458402328409
4335505,c1cncc(-c2cnc3[nH]nc(-c4nc5cc6c(cc5[nH]4)OCO6)c3c2)c1,5.0
4324094,c1ccc2c(-c3ccnc(Nc4ccc5c(c4)OCO5)n3)c[nH]c2c1,6.12965462891904
4310904,CC(=O)N1CCC(Nc2nccc(-c3c[nH]c4ncccc34)n2)CC1,5.77340009479264
4318371,CC(=O)N1CCN(c2ccc(Nc3ncc4[nH]c(=O)n(C5CCCCC5)c4n3)cc2)CC1,5.602059991327961
4342346,CC(=O)N1CCN(c2ccc(Nc3nccc(-c4c(C)[nH]c(C#N)c4C)n3)cc2)CC1,7.3187587626244115
4342343,CC(=O)N1CCN(c2ccc(Nc3nccc(-c4c(C)[nH]c(C#N)c4C)n3)cn2)CC1,6.75202673363819
4324085,CC(=O)N1CCN(c2ccc(Nc3nccc(-c4c(C)[nH]c5ccccc45)n3)cc2)CC1,7.42365864979421
4342344,CC(=O)N1CCN(c2ccc(Nc3nccc(-c4c(C)c(C#N)n(C)c4C)n3)cn2)CC1,6.63078414258986
4324086,CC(=O)N1CCN(c2ccc(Nc3nccc(-c4c[nH]c5c(C)cccc45)n3)cc2)CC1,7.03763066432998
4324100,CC(=O)N1CCN(c2ccc(Nc3nccc(-c4c[nH]c5c(Cl)cccc45)n3)cc2)CC1,6.25243283726237
4324101,CC(=O)N1CCN(c2ccc(Nc3nccc(-c4c[nH]c5cc(F)ccc45)n3)cc2)CC1,6.7126462272852505
4324076,CC(=O)N1CCN(c2ccc(Nc3nccc(-c4c[nH]c5ccccc45)n3)cc2)CC1,6.88706002391592
4324102,CC(=O)N1CCN(c2ccc(Nc3nccc(-c4c[nH]c5ccccc45)n3)cc2C)CC1,6.55893359336074
4324093,CC(=O)N1CCN(c2ccc(Nc3nccc(-c4cn(C)c5ccccc45)n3)cc2)CC1,6.6298571529489
4302507,CC(=O)N1CCN(c2ccc(Nc3nccc(-c4sc(N)nc4C)n3)cc2)CC1,7.00886438348022
4302584,CC(=O)N1CCN(c2ccc(Nc3nccc(-c4sc(NCCc5ccccc5)nc4C)n3)cc2)CC1,7.2218487496163615
4302639,CC(=O)N1CCN(c2ccc(Nc3nccc(-c4sc(Nc5ccccc5)nc4C)n3)cc2)CC1,6.602059991327961
4302666,CC(=O)N1CCN(c2ccc(Nc3nccc(-c4sc(-c5ccc(N6CCOCC6)cc5)nc4C)n3)cc2)CC1,6.49485002168009
4302673,CC(=O)N1CCN(c2ccc(Nc3nccc(-c4sc(-c5cccnc5)nc4C)n3)cc2)CC1,7.30102999566398
4302570,CC(=O)N1CCN(c2ccc(Nc3nccc(-c4sc(-c5cccs5)nc4C)n3)cc2)CC1,6.602059991327961
4310903,CC(=O)NC1CCN(c2nccc(-c3c[nH]c4ncccc34)n2)CC1,5.37747513759643
4302490,CC(=O)NCc1ccc(Nc2nccc(-c3sc(C)nc3C)n2)cc1,7.397940008672039
4302491,CC(=O)NCc1ccc(Nc2nccc(-c3sc(N)nc3C)n2)cc1,7.096910013008058
4302672,CC(=O)NCc1cccc(Nc2nccc(-c3sc(NCc4ccccc4)nc3C)n2)c1,6.30102999566398
4302662,CC(=O)NCc1cccc(Nc2nccc(-c3sc(-c4ccc(C)nc4)nc3C)n2)c1,5.600326278518961
4302538,CC(=O)NCc1cccc(Nc2nccc(-c3sc(-c4cccnc4)nc3C)n2)c1,6.92081875395237
4302569,CC(=O)NCc1cccc(Nc2nccc(-c3sc(-c4cccs4)nc3C)n2)c1,6.79588001734408
4302667,CC(=O)NCc1cccc(Nc2nccc(-c3sc(-c4ncc(C(F)(F)F)cc4Cl)nc3C)n2)c1,6.20065945054642
4302521,CC(=O)NS(=O)(=O)c1cccc(Nc2nccc(-c3sc(N)nc3C)n2)c1,6.69897000433602
4350624,CC(=O)Nc1ccc(Cn2nc(Nc3cc[nH]n3)c3ccccc3c2=O)cc1,6.25570701687732
4361764,CC(=O)Nc1ccc(Nc2ncc(Br)s2)cc1,6.44369749923271
4346055,CC(=O)Nc1ccc(Oc2nc(Nc3cc(C)[nH]n3)cc3ccccc23)cc1,7.4089353929735005
4360841,CC(=O)Nc1cccc(CN2Cc3c([nH]c4cc(-c5ccco5)nn4c3=O)C2=O)c1,4.73754891026957
4361760,CC(=O)c1ccc(Nc2ncc(Br)s2)cc1,5.769551078621732
4310908,CC(=O)n1cc(-c2ccnc(NC3CCCCC3)n2)c2cccnc21,6.49471432585587
4324096,CC(=O)n1cc(-c2ccnc(Nc3ccc(N4CCOCC4)cc3)n2)c2ccccc21,5.660051938305651
4335524,CC(C)(C)NC(=O)c1cccc2[nH]c(-c3n[nH]c4ncc(-c5cncc6ccccc56)cc34)nc12,6.0
4318315,CC(C)(C)OC(=O)N1CCC(N(Cc2ccc(Nc3ncc4cnn(C5CCCCC5)c4n3)cc2)C(=O)OC(C)(C)C)CC1,5.89962945488244
4360570,CC(C)(C)OC(=O)N(Cc1ccc(Nc2ncc3cnn(C4CCCCC4)c3n2)cc1)C1Cc2ccccc2C1,6.0
4360575,CC(C)(C)OC(=O)N(Cc1ccc(Nc2ncc3cnn([C@H]4C[C@@H]5CC[C@H]4C5)c3n2)cc1)C1Cc2ccccc2C1,5.200039472594018
4360574,CC(C)(C)OC(=O)N(c1ccc(CN(C(=O)OC(C)(C)C)C2Cc3ccccc3C2)cc1)c1ncc2cnn([C@H]3C[C@@H]4CC[C@H]3C4)c2n1,6.8013429130455805
4318332,CC(C)(C)OC(=O)N(c1ccc(CN2CCOCC2)cc1)c1ncc2cnn([C@H]3C[C@@H]4CC[C@@H]3C4)c2n1,5.49485002168009
4318320,CC(C)(C)OC(=O)N(c1ccc(CNC2CCOCC2)cc1)c1ncc2cnn(C3CCCCC3)c2n1,5.0
4318362,CC(C)(C)OC(=O)N1CCN(c2ccc(Nc3ncc4cnn(C5CCCCC5)c4n3)cc2)CC1,7.0
4347755,CC(C)(C)OC(=O)n1c(-c2cccc3c2C(=O)NC3)cc2cc(O)ccc21,5.02918838912748
4347757,CC(C)(C)OC(=O)n1c(-c2cccc3c2C(=O)NC3)cc2cc(OCCN3CCOCC3)ccc21,0.0
4291705,CC(C)(C)c1ccc(C(=O)Nc2n[nH]c3c2CN(C(=O)Cc2ccccc2)C3)cc1,6.88605664769316
4291703,CC(C)(C)c1ccc(C(=O)Nc2n[nH]c3c2CN(C(=O)Cc2cccs2)C3)cc1,8.30102999566398
4291704,CC(C)(C)c1ccc(C(=O)Nc2n[nH]c3c2CN(C(=O)c2ccco2)C3)cc1,7.387216143280259
4359983,CC(C)(NC(=O)c1cc2c(NC(=O)c3ccccc3NC(=O)c3ccc[nH]3)n[nH]c2s1)c1ccccc1,8.221848749616361
4359984,CC(C)(NC(=O)c1cc2c(NC(=O)c3ccccc3NC(=O)c3ccc[nH]3)n[nH]c2s1)c1ccccc1F,7.92081875395237
4318335,CC(C)(O)CN1CCC(NC(=O)c2ccc(Nc3ncc4cnn(C5CCCCC5)c4n3)cc2)CC1,6.508638306165731
4318317,CC(C)(O)CN1CCC(NCc2ccc(Nc3ncc4cnn(C5CCCCC5)c4n3)cc2)CC1,6.0
4318312,CC(C)(O)CN1CCN(C(=O)c2ccc(Nc3ncc4cnn(C5CCCCC5)c4n3)cc2)CC1,6.92081875395237
4318361,CC(C)(O)CN1CCN(c2ccc(Nc3ncc4cnn(C5CCCCC5)c4n3)cc2)CC1,6.602059991327961
4318324,CC(C)(O)CN1CCN(Cc2ccc(Nc3ncc4cnn(C5CCCCC5)c4n3)cc2)CC1,6.0
4346696,CC(C)CN1CCN(c2ccc(Nc3nccc(C(=O)NC4CC5CCC4(C)C5(C)C)n3)cc2)CC1,7.031517051446071
4346056,CC(C)COc1nc(Nc2cc[nH]n2)cc2ccccc12,5.8347556738746915
4336513,CC(C)N1C(=O)C(C)(C)c2cc3[nH]c(-c4n[nH]c5c4CCCC5)nc3cc21,7.92081875395237
4336512,CC(C)N1C(=O)C(C)(C)c2cc3[nH]c(-c4n[nH]c5c4CCC5)nc3cc21,7.769551078621732
4346694,CC(C)N1CCN(c2ccc(Nc3nccc(C(=O)NC4CC5CCC4(C)C5(C)C)n3)cc2)CC1,7.69897000433602
4302602,Cc1nc(C)c(-c2ccnc(Nc3ccc(N4CCN(CC(=O)NC(C)C)CC4)cc3)n2)s1,7.2218487496163615
4335517,CC(C)NCc1cccc2[nH]c(-c3n[nH]c4ncc(-c5cncc6ccccc56)cc34)nc12,5.44111154771615
4335482,CC(C)NCc1cncc(-c2cnc3[nH]nc(-c4nc5cc(N6CCN(C)CC6)ccc5[nH]4)c3c2)c1,6.579384229374241
4342340,Cc1[nH]c(C#N)c(C)c1-c1ccnc(Nc2cccc(S(=O)(=O)NC(C)C)c2)n1,5.4784696587212895
4299675,Cc1cncc2cccc(S(=O)(=O)N3CCCNC[C@@H]3C(C)C)c12,5.43770713554353
4304341,Cc1cc(-c2nc3cc4[nH]c(=O)n(C(C)C)c4cc3[nH]2)n[nH]1,6.8013429130455805
4350621,Cc1cc(Nc2nn(C(C)C)c(=O)c3cc(OCCN4CCOCC4)ccc23)n[nH]1,8.15490195998574
4291934,CC(CN(C)C)Oc1ccc(Cl)cc1NC(=O)Nc1cnc(C#N)cn1,5.49093195498284
4346704,CC1(C)C2CCC1(C)C(NC(=O)c1ccnc(Nc3ccc(NCCN4CCCC4)cc3)n1)C2,8.0
4346695,CC1(C)C2CCC1(C)C(NC(=O)c1ccnc(Nc3ccc(N4CCCCC4)cc3)n1)C2,7.481486060122111
4346700,CC1(C)C2CCC1(C)C(NC(=O)c1ccnc(Nc3ccc(N4CCN(CC#N)CC4)cc3)n1)C2,7.92081875395237
4346699,CC1(C)C2CCC1(C)C(NC(=O)c1ccnc(Nc3ccc(N4CCN(CCO)CC4)cc3)n1)C2,8.0
4346701,CC1(C)C2CCC1(C)C(NC(=O)c1ccnc(Nc3cccc(NCC#N)c3)n1)C2,7.7212463990471685
4346706,CC1(C)C2CCC1(C)C(NC(=O)c1ccnc(Nc3cccc(NCCCN4CCOCC4)c3)n1)C2,7.4089353929735005
4346702,CC1(C)C2CCC1(C)C(NC(=O)c1ccnc(Nc3cccc(N4CCOCC4)c3)n1)C2,7.275724130399211
4310943,CC1CCC(Nc2nccc(-c3c[nH]c4ncccc34)n2)CC1,6.5058454059815585
4299669,Cc1cncc2cccc(S(=O)(=O)N3CCNC(C)CC3)c12,5.43770713554353
4299676,Cc1cncc2cccc(S(=O)(=O)N3CCNCCC3C)c12,5.815308569182402
4342356,Cc1c[nH]c(C)c1-c1ccnc(Nc2ccc(N3CC(C)OC(C)C3)cc2)n1,6.6382721639824105
4302567,Cc1nc(C)c(-c2ccnc(Nc3ccc(N4CC(C)OC(C)C4)cc3)n2)s1,7.397940008672039
4299668,Cc1cncc2cccc(S(=O)(=O)N3CCCNC(C)C3)c12,4.88941028970075
4299673,Cc1cncc2cccc(S(=O)(=O)N3CCNCC(C)C3)c12,5.4907974776689015
4336572,CCCCC(=O)Nc1ncc(Nc2ncnc3cc(OCCCN4CCOCC4)c(OC)cc23)cn1,7.769551078621732
4360433,CCCCN(C)c1nc(NCCc2ccccc2OC)nc(NCCc2c[nH]c3ncccc23)n1,5.92081875395237
4360432,CCCCN(C)c1nc(NCCc2ccccc2OC)nc(NC(Cc2c[nH]c3ncccc23)C(N)=O)n1,5.420216403383192
4335478,CCCCNCc1cncc(-c2cnc3[nH]nc(-c4nc5c(COC)cccc5[nH]4)c3c2)c1,5.611188586526481
4335504,CCCCNCc1cncc(-c2cnc3[nH]nc(-c4nc5cc(OC)ccc5[nH]4)c3c2)c1,6.611188586526481
10000015,CCCCc1cnc(Nc2ncnc3cc(OCCCN4CCOCC4)c(OC)cc23)s1,8.221848749616361
4341240,CCCN(CCC)S(=O)(=O)c1ccc(C(=O)Nc2ncc(Nc3ncnc4cc(OCCCN5CCOCC5)c(OC)cc34)cn2)cc1,5.4089353929735005
4346693,CCCN1CCN(c2ccc(Nc3nccc(C(=O)NC4CC5CCC4(C)C5(C)C)n3)cc2)CC1,7.69897000433602
4335477,CCCNCc1cncc(-c2cnc3[nH]nc(-c4nc5c(COC)cccc5[nH]4)c3c2)c1,5.398972688264611
4335503,CCCNCc1cncc(-c2cnc3[nH]nc(-c4nc5cc(OC)ccc5[nH]4)c3c2)c1,6.56944123047724
4335484,CCCNCc1cncc(-c2cnc3[nH]nc(-c4nc5cc(N6CCN(C)CC6)ccc5[nH]4)c3c2)c1,6.55299710153384
4349364,CCCS(=O)(=O)N=S(C)(=O)c1ccc2cc1NCCCCNc1nc(ncc1Br)N2,7.3565473235138095
4336573,CCCS(=O)(=O)NCCCc1ccc(C(=O)Nc2ncc(Nc3ncnc4cc(OCCCN5CCOCC5)c(OC)cc34)cn2)cc1,5.4089353929735005
4302651,CCN(C(C)=O)c1nc(C)c(-c2ccnc(N)n2)s1,6.79588001734408
10000021,CCN(C(=O)Cc1cnc(Nc2ncnc3cc(OCCCN4CCOCC4)c(OC)cc23)s1)c1ccccc1,7.259637310505759
4302566,CCN(C)c1nc(C)c(-c2ccnc(Nc3ccc(N4CCOCC4)cc3)n2)s1,7.52287874528034
4338388,CCN(CC)C(=O)Nc1c[nH]nc1-c1nc2cc3c(cc2[nH]1)C(C)(C)C(=O)N3CC,9.0
4335523,CCN(CC)C(=O)c1cccc2[nH]c(-c3n[nH]c4ncc(-c5cncc6ccccc56)cc34)nc12,6.0
4360556,CCN(CC)CC(O)COc1ccc(Nc2ncc3cnn(C4CCCCC4)c3n2)cc1,5.8013429130455805
4361770,CCN(CC)CCNC(=O)c1ccc(Nc2ncc(Br)s2)cc1,5.34486156518862
4360561,CCN(CC)CCNC(=O)c1ccc(Nc2ncc3cnn(C4CCCCC4)c3n2)cc1,5.800244822746531
4342341,CCN(CC)CCNS(=O)(=O)c1ccc(Nc2nccc(-c3c(C)[nH]c(C#N)c3C)n2)cc1,6.10457745396059
4346690,CCN(CC)CCOc1cc(Nc2nccc(C(=O)NC3CC4CCC3(C)C4(C)C)n2)ccc1OC,7.95860731484177
4310968,CCN(CC)CCc1ccc(Nc2nccc(-c3c[nH]c4ncccc34)n2)c(C)c1,6.012333735073731
4310948,CCN(CC)CCc1ccc(Nc2nccc(-c3c[nH]c4ncccc34)n2)cc1,6.612610173661269
4352781,CCN(CC)Cc1cccc(-c2ccnc(Nc3cccc([N+](=O)[O-])c3)n2)c1,6.2441251443275085
4335510,CCN(CC)Cc1cccc2[nH]c(-c3n[nH]c4ncc(Br)cc34)nc12,6.0109508435617816
4335554,CCN(CC)Cc1cccc2[nH]c(-c3n[nH]c4ncc(-c5cccnc5)cc34)nc12,5.44069198909299
4335509,CCN(CC)Cc1cccc2[nH]c(-c3n[nH]c4ncc(-c5cncc6ccccc56)cc34)nc12,6.0
4302561,CCN(CC)S(=O)(=O)c1ccc(Nc2nccc(-c3sc(NC)nc3C)n2)cc1,7.0
4335552,CCN(CC)c1ccc(NC(=O)c2cccc3[nH]c(-c4n[nH]c5ncc(-c6cncc7ccccc67)cc45)nc23)c(C)c1,6.774949303861951
4303503,CCN(CC)c1ccc2c(c1)Oc1ncnc(Cc3cnc(NC(=O)c4ccccc4)nc3)c1NC2,5.30102999566398
4345887,CCN(CCO)CCCOc1ccc2c(Nc3cc(CC(=O)Nc4cccc(F)c4)[nH]n3)ncnc2c1,8.85387196432176
4352808,CCN(Cc1cccc(-c2ccnc(Nc3cccc([N+](=O)[O-])c3)n2)c1)C(C)C,7.52287874528034
4338390,CCN1C(=O)C(C)(C)c2cc3[nH]c(-c4n[nH]c(C)c4NCc4ccccc4)nc3cc21,7.49485002168009
4336516,CCN1C(=O)C(C)(C)c2cc3[nH]c(-c4n[nH]c5c4CN(C(=O)c4ccc(F)cc4)CC5)nc3cc21,7.259637310505759
4336515,CCN1C(=O)C(C)(C)c2cc3[nH]c(-c4n[nH]c5c4CN(S(=O)(=O)c4ccc(F)cc4)CC5)nc3cc21,7.85387196432176
4336514,CCN1C(=O)C(C)(C)c2cc3[nH]c(-c4n[nH]c5c4COCC5)nc3cc21,7.79588001734408
4338383,CCN1C(=O)C(C)(C)c2cc3[nH]c(-c4n[nH]cc4NC(=O)C(F)(F)F)nc3cc21,7.53760200210104
4338384,CCN1C(=O)C(C)(C)c2cc3[nH]c(-c4n[nH]cc4NC(=O)C4CC4)nc3cc21,8.0
4338385,CCN1C(=O)C(C)(C)c2cc3[nH]c(-c4n[nH]cc4NC(=O)CC(C)C)nc3cc21,8.69897000433602
4338387,CCN1C(=O)C(C)(C)c2cc3[nH]c(-c4n[nH]cc4NC(=O)OCc4ccccc4)nc3cc21,7.7212463990471685
4338386,CCN1C(=O)C(C)(C)c2cc3[nH]c(-c4n[nH]cc4NC(=O)c4cnccn4)nc3cc21,8.52287874528034
4338391,CCN1C(=O)C(C)(C)c2cc3nc(-c4n[nH]cc4NS(C)(=O)=O)[nH]c3cc21,7.619788758288388
4346692,CCN1CCN(c2ccc(Nc3nccc(C(=O)NC4CC5CCC4(C)C5(C)C)n3)cc2)CC1,7.769551078621732
4347759,CCN1CCN(CCCOc2ccc3[nH]c(-c4cccc5c4C(=O)NC5)cc3c2)CC1,7.3565473235138095
4361800,CCN1CCN(Cc2ccc(Nc3ncc(C#N)s3)nc2)CC1,5.3565473235138095
4335514,CCN1CCN(Cc2cccc3[nH]c(-c4n[nH]c5ncc(-c6cncc7ccccc67)cc45)nc23)CC1,5.17108243838331
4349363,CCNC(=O)N=S(C)(=O)c1ccc2cc1NCCCCNc1nc(ncc1Br)N2,7.67778070526608
4310950,CCNCCc1ccc(Nc2nccc(-c3c[nH]c4ncccc34)n2)cc1,6.8041003475907695
4335544,CCNCc1cncc(-c2cnc3[nH]nc(-c4nc5c(COC)cccc5[nH]4)c3c2)c1,5.35027581407048
4347443,CCNCc1cncc(-c2cnc3[nH]nc(-c4nc5cc(F)ccc5[nH]4)c3c2)c1,6.096910013008058
4335494,CCNCc1cncc(-c2cnc3[nH]nc(-c4nc5cc(OC)ccc5[nH]4)c3c2)c1,6.4458799019339414
4335481,CCNCc1cncc(-c2cnc3[nH]nc(-c4nc5cc(N6CCN(C)CC6)ccc5[nH]4)c3c2)c1,6.5505277665667485
4335469,CCNCc1cncc(-c2cnc3[nH]nc(-c4nc5ccc(F)cc5[nH]4)c3c2)c1,6.095176300199058
4335561,CCNCc1cncc(-c2cnc3[nH]nc(-c4nc5c(COC)cccc5[nH]4)c3c2)c1C,5.09579855768788
4302546,CCNS(=O)(=O)c1ccc(Nc2nccc(-c3sc(C)nc3C)n2)cc1,6.49485002168009
4342338,CCNS(=O)(=O)c1cccc(Nc2nccc(-c3c(C)[nH]c(C#N)c3C)n2)c1,6.3840499483436
4302520,CCNS(=O)(=O)c1cccc(Nc2nccc(-c3sc(N)nc3C)n2)c1,7.69897000433602
4302551,CCNS(=O)(=O)c1cccc(Nc2nccc(-c3sc(NC)nc3C)n2)c1,7.2218487496163615
4302650,CCNc1nc(C)c(-c2ccnc(N)n2)s1,6.0
4302549,CCNc1nc(C)c(-c2ccnc(Nc3cc(OC)c(OC)c(OC)c3)n2)s1,8.69897000433602
4302638,CCNc1nc(C)c(-c2ccnc(Nc3cc(OC)cc(OC)c3)n2)s1,6.096910013008058
4302494,CCNc1nc(C)c(-c2ccnc(Nc3ccc(C)c(S(=O)(=O)N4CCOCC4)c3)n2)s1,7.92081875395237
4302542,CCNc1nc(C)c(-c2ccnc(Nc3ccc(CNC(C)=O)cc3)n2)s1,7.79588001734408
4302654,CCNc1nc(C)c(-c2ccnc(Nc3ccc(N4CCCCC4)c(C)c3)n2)s1,6.30102999566398
4302620,CCNc1nc(C)c(-c2ccnc(Nc3ccc(N4CCOCC4)c(C)c3)n2)s1,7.2218487496163615
4302572,CCNc1nc(C)c(-c2ccnc(Nc3ccc(N4CCOCC4)c(Cl)c3)n2)s1,6.92081875395237
4302580,CCNc1nc(C)c(-c2ccnc(Nc3ccc(N4CCOCC4)c(OC)c3)n2)s1,7.602059991327961
4302614,CCNc1nc(C)c(-c2ccnc(Nc3ccc(N4CCOCC4)c(C(N)=O)c3)n2)s1,7.2218487496163615
4302599,CCNc1nc(C)c(-c2ccnc(Nc3ccc(OC)c(C)c3)n2)s1,7.0
4302669,CCNc1nc(C)c(-c2ccnc(Nc3ccc(OC)cc3C)n2)s1,5.49485002168009
4302588,CCNc1nc(C)c(-c2ccnc(Nc3ccc(N4CC(C)OC(C)C4)cc3)n2)s1,7.30102999566398
4302603,CCNc1nc(C)c(-c2ccnc(Nc3ccc(N4CCCCC4)cc3)n2)s1,7.096910013008058
4302605,CCNc1nc(C)c(-c2ccnc(Nc3ccc(N4CCN(C)CC4)cc3)n2)s1,6.69897000433602
4302508,CCNc1nc(C)c(-c2ccnc(Nc3ccc(N4CCN(C(C)=O)CC4)cc3)n2)s1,7.69897000433602
4302558,CCNc1nc(C)c(-c2ccnc(Nc3ccc(N4CCN(Cc5ccccc5)CC4)cc3)n2)s1,7.30102999566398
4302480,CCNc1nc(C)c(-c2ccnc(Nc3ccc(N4CCNCC4)cc3)n2)s1,7.07133375178437
4302610,CCNc1nc(C)c(-c2ccnc(Nc3ccc(N4CCSCC4)cc3)n2)s1,6.92081875395237
4302512,CCNc1nc(C)c(-c2ccnc(Nc3ccc(S(C)(=O)=O)cc3)n2)s1,7.397940008672039
4302492,CCNc1nc(C)c(-c2ccnc(Nc3ccc(S(N)(=O)=O)cc3)n2)s1,7.2218487496163615
4302523,CCNc1nc(C)c(-c2ccnc(Nc3ccc(S(=O)(=O)NCCO)cc3)n2)s1,6.602059991327961
4302497,CCNc1nc(C)c(-c2ccnc(Nc3ccc(S(=O)(=O)NCCOC)cc3)n2)s1,6.92081875395237
4302664,CCNc1nc(C)c(-c2ccnc(Nc3ccc(N4CCOCC4)cc3C)n2)s1,5.600326278518961
4302595,CCNc1nc(C)c(-c2ccnc(Nc3ccc4c(c3)OCCO4)n2)s1,6.69897000433602
4302593,CCNc1nc(C)c(-c2ccnc(Nc3ccc4c(c3)OCO4)n2)s1,6.79588001734408
893981,CCNc1nc(C)c(-c2ccnc(Nc3cccc(Br)c3)n2)s1,7.69897000433602
4302555,CCNc1nc(C)c(-c2ccnc(Nc3cccc(CC(=O)OCCOC)c3)n2)s1,7.79588001734408
4302486,CCNc1nc(C)c(-c2ccnc(Nc3cccc(CNS(=O)(=O)C(F)(F)F)c3)n2)s1,5.69897000433602
4302483,CCNc1nc(C)c(-c2ccnc(Nc3cccc(CNS(C)(=O)=O)c3)n2)s1,7.52287874528034
4302536,CCNc1nc(C)c(-c2ccnc(Nc3cccc(S(=O)(=O)NC(C)(C)CO)c3)n2)s1,7.602059991327961
4302527,CCNc1nc(C)c(-c2ccnc(Nc3cccc(S(=O)(=O)NC(C)C)c3)n2)s1,6.0
4302545,CCNc1nc(C)c(-c2ccnc(Nc3cccc(S(=O)(=O)NC)c3)n2)s1,7.2218487496163615
4302559,CCNc1nc(C)c(-c2ccnc(Nc3cccc(S(=O)(=O)NCC)c3)n2)s1,7.30102999566398
4302503,CCNc1nc(C)c(-c2ccnc(Nc3cccc(S(=O)(=O)NCCOC)c3)n2)s1,6.79588001734408
4302532,CCNc1nc(C)c(-c2ccnc(Nc3cccc(S(=O)(=O)NCc4ccccc4)c3)n2)s1,6.397940008672039
4302601,CCOC(=O)N1CCN(c2ccc(Nc3nccc(-c4sc(C)nc4C)n3)cc2)CC1,7.0
4349360,CCOC(=O)N=S(C)(=O)c1ccc2cc1NCCCCNc1nc(ncc1Br)N2,7.42239072089924
4349361,CCOC(=O)N=S(C)(=O)c1ccc2cc1NCCCCNc1nc(ncc1I)N2,7.508638306165731
4342351,CCOC(=O)c1[nH]c(C)c(-c2ccnc(Nc3ccc(N4CCOCC4)c(Cl)c3)n2)c1C,5.5185573714977005
4342359,CCOC(=O)c1[nH]c(C)c(-c2ccnc(Nc3ccc(N4CCOCC4)c(OC)c3)n2)c1C,7.0409586076789115
4342348,CCOC(=O)c1[nH]c(C)c(-c2ccnc(Nc3ccc(N4CCOCC4)cc3)n2)c1C,6.57675412606319
4342326,CCOC(=O)c1[nH]c(C)c(-c2ccnc(Nc3ccc(I)cc3)n2)c1-c1ccccc1,5.0
4342328,CCOC(=O)c1[nH]c(C)c(-c2ccnc(Nc3ccc(O)c([N+](=O)[O-])c3)n2)c1-c1ccccc1,6.1475200063631394
4342323,CCOC(=O)c1[nH]c(C)c(-c2ccnc(Nc3ccc(O)cc3)n2)c1-c1ccccc1,5.91757369913923
4342327,CCOC(=O)c1[nH]c(C)c(-c2ccnc(Nc3ccc(C(F)(F)F)cc3)n2)c1-c1ccccc1,5.0
4342329,CCOC(=O)c1[nH]c(C)c(-c2ccnc(Nc3ccc(N(C)C)cc3)n2)c1-c1ccccc1,6.109578981199089
4342325,CCOC(=O)c1[nH]c(C)c(-c2ccnc(Nc3cccc(F)c3)n2)c1-c1ccccc1,5.0
4361765,CCOC(=O)c1ccc(Nc2ncc(Br)s2)cc1,5.24412514432751
4361779,CCOC(=O)c1cccc(Nc2ncc(Br)s2)c1,5.64781748188864
4335466,CCOC(=O)c1cncc(-c2cnc3[nH]nc(-c4nc5c(COC)cccc5[nH]4)c3c2)c1,4.0
4346059,CCOCCOCCOc1nc(Nc2cc[nH]n2)cc2ccccc12,6.08512818245995
4310961,CCOc1ccc(Nc2nccc(-c3c[nH]c4ncccc34)n2)cc1,7.075720713938121
4352793,CCOc1ccc(-c2ccnc(Nc3cccc(O)c3)n2)cc1,6.15490195998574
4271123,CC[C@@H](N)C(=O)Nc1nc(C)c(-c2ccnc(Nc3cccc([N+](=O)[O-])c3)n2)s1,5.55284196865778
4299678,CC[C@H]1CNCCCN1S(=O)(=O)c1cccc2cncc(C)c12,6.32513885926219
4302659,CCc1cc(-c2nc(C)c(-c3ccnc(Nc4ccc(CNC(C)=O)cc4)n3)s2)ccn1,7.2218487496163615
4302658,CCc1cc(-c2nc(C)c(-c3ccnc(Nc4ccc(S(=O)(=O)NCCO)cc4)n3)s2)ccn1,7.2218487496163615
4302660,CCc1cc(-c2nc(C)c(-c3ccnc(Nc4cccc(CNC(C)=O)c4)n3)s2)ccn1,6.49485002168009
4336571,CCc1ccc(C(=O)Nc2ncc(Nc3ncnc4cc(OCCCN5CCOCC5)c(OC)cc34)cn2)cc1,7.07058107428571
4291706,CCc1cccc(CC)c1NC(=O)N1Cc2[nH]nc(NC(=O)c3ccc(C(C)(C)C)cc3)c2C1,7.0
4291702,CCc1cccc(CC)c1NC(=O)N1Cc2[nH]nc(NC(=O)c3ccc(N4CCN(C)CC4)cc3)c2C1,7.5686362358410095
4310954,CCc1ccccc1Nc1nccc(-c2c[nH]c3ncccc23)n1,6.4023048140744905
4299667,CCc1cncc2cccc(S(=O)(=O)N3CCCNC[C@@H]3C)c12,5.58670023591875
4310915,CN(C)CC(O)Cn1cc(-c2ccnc(N[C@H]3CC[C@H](O)CC3)n2)c2cccnc21,4.0
4351588,Cc1cc2c(F)c(Oc3ncnc(N)c3/C=N/OCCCN(C)C)ccc2[nH]1,4.47069800221202
4335530,CN(C)CCN(C)C(=O)c1cccc2[nH]c(-c3n[nH]c4ncc(-c5cncc6ccccc56)cc34)nc12,4.91793306571489
4361769,CN(C)CCNC(=O)c1ccc(Nc2ncc(Br)s2)cc1,5.279840696594039
4346705,CN(C)CCNc1ccc(Nc2nccc(C(=O)NC3CC4CCC3(C)C4(C)C)n2)cc1,7.05551732784983
4360576,CN(C)CCOC(=O)c1ccc(Nc2ncc3cnn(C4CCCCC4)c3n2)cc1,6.19997064075587
4310920,Cc1cc(OCCN(C)C)ccc1Nc1nccc(-c2c[nH]c3ncccc23)n1,5.0
4310967,Cc1cc(CCN(C)C)ccc1Nc1nccc(-c2c[nH]c3ncccc23)n1,6.33198702835817
4310975,CN(C)CCc1ccc(Nc2nccc(-c3c[nH]c4ncccc34)n2)c(Cl)c1,6.04177068581162
4310925,CN(C)CCc1ccc(Nc2nccc(-c3c[nH]c4ncccc34)n2)cc1,6.590066876668709
4310909,CN(C)CCn1cc(-c2ccnc(NC3CCCCC3)n2)c2cccnc21,4.0
4310913,CN(C)CCn1cc(-c2ccnc(N[C@H]3CC[C@H](O)CC3)n2)c2cccnc21,4.0
4342332,Cc1[nH]c(CN(C)C)c(C)c1-c1ccnc(Nc2cccc([N+](=O)[O-])c2)n1,6.991399828238079
4352811,CN(C)Cc1cccc(-c2ccnc(Nc3ccc(O)cc3)n2)c1,6.0
4352812,CN(C)Cc1cccc(-c2ccnc(Nc3ccc(N4CCOCC4)cc3)n2)c1,6.397940008672039
4352810,CN(C)Cc1cccc(-c2ccnc(Nc3cccc(O)c3)n2)c1,5.82390874094432
4335487,CN(C)Cc1cncc(-c2cnc3[nH]nc(-c4nc5cc(N6CCN(C)CC6)ccc5[nH]4)c3c2)c1,6.55129368009492
4335551,CN(C)c1ccc(NC(=O)c2cccc3nc(-c4n[nH]c5ncc(-c6cncc7ccccc67)cc45)[nH]c23)cc1,6.811915626285058
4324079,CN(C)c1ccc(Nc2nccc(-c3c[nH]c4ccccc34)n2)cc1,6.54975089168064
4310959,CN(C)c1ccc(Nc2nccc(-c3c[nH]c4ncccc34)n2)cc1,6.950781977329822
4302571,Cc1nc(CO)sc1-c1ccnc(Nc2ccc(N(C)C)cc2)n1,7.0
4302652,Cc1nc(N(C)C)sc1-c1ccnc(N)n1,5.79588001734408
4302568,CC(=O)N1CCN(c2ccc(Nc3nccc(-c4sc(N(C)Cc5ccccc5)nc4C)n3)cc2)CC1,6.69897000433602
4352779,CN(c1cccc(-c2ccnc(Nc3ccc(O)cc3)n2)c1)S(C)(=O)=O,6.85387196432176
4352778,CN(c1cccc(-c2ccnc(Nc3cccc(O)c3)n2)c1)S(C)(=O)=O,6.92081875395237
4352813,CN(c1cccc(-c2ccnc(Nc3cccc([N+](=O)[O-])c3)n2)c1)S(C)(=O)=O,6.5686362358410095
4302633,Cc1nc(N(C)c2cc(Cl)cc(Cl)c2)sc1-c1ccnc(Nc2ccc(N3CCOCC3)c(Cl)c2)n1,7.0
4302585,CC(=O)N1CCN(c2ccc(Nc3nccc(-c4sc(N(C)c5cccnc5)nc4C)n3)cc2)CC1,7.52287874528034
4302628,Cc1nc(N(C)c2cc(Cl)cc(Cl)c2)sc1-c1ccnc(Nc2ccc(N3CCOCC3)cc2)n1,7.30102999566398
4302629,Cc1nc(N(C)c2ccc(Cl)cc2)sc1-c1ccnc(Nc2ccc(N3CCOCC3)cc2)n1,6.69897000433602
4302583,Cc1nc(N(C)c2cccnc2)sc1-c1ccnc(Nc2ccc(N3CCOCC3)cc2)n1,6.50886438348022
4302630,CC(=O)NCc1cccc(Nc2nccc(-c3sc(N(C)c4cc(Cl)cc(Cl)c4)nc3C)n2)c1,5.600326278518961
4318316,CN1CCC(N(Cc2ccc(Nc3ncc4cnn(C5CCCCC5)c4n3)cc2)C(=O)OC(C)(C)C)CC1,6.79588001734408
4352355,CN1CCC(NC(=O)c2sc3ncc(C#N)c4c3c2[nH]c(=O)n4-c2c(Cl)ccc3c2OCO3)CC1,4.87614835903291
4318378,CN1CCC(NCc2ccc(Nc3ncc4cnn([C@H]5CC6CCC5C6)c4n3)cc2)CC1,6.20065945054642
4318322,CN1CCC(NCc2ccc(N(C(=O)OC(C)(C)C)c3ncc4cnn([C@H]5C[C@@H]6CC[C@@H]5C6)c4n3)cc2)CC1,5.2006594505464205
4310901,CN1CCC(Nc2nccc(-c3c[nH]c4ncccc34)n2)CC1,5.64723880827617
4318336,CN1CCN(C(=O)c2ccc(Nc3ncc4cnn(C5CCCCC5)c4n3)cc2)CC1,6.30102999566398
4318311,CN1CCN(C(=O)c2ccc(Nc3ncc4cnn([C@@H]5C[C@@H]6CC[C@@H]5C6)c4n3)cc2)CC1,7.0
4335527,CN1CCN(C(=O)c2cccc3[nH]c(-c4n[nH]c5ncc(-c6cncc7ccccc67)cc45)nc23)CC1,4.96417017474717
4346698,Cc1cc(Nc2ccc(-c3nc(NC(=S)C4CC4)n[nH]3)c(N3CCN(C)CC3)c2)c[nH]1,7.7212463990471685
4361738,Cc1cc(Nc2cc(N3CCN(C)CC3)nc(Sc3ccc(NC(=O)C4CC4)cc3)n2)n[nH]1,9.22184874961636
4270681,Cc1cc(Nc2cc(N3CCN(C)CC3)nc(Sc3ccc(NC(=O)C4CC4)cc3)n2)[nH]n1,9.22184874961636
4318300,CN1CCN(c2ccc(Nc3ncc4c(n3)N(C3CCCCC3)C(=O)C4)cc2)CC1,5.79588001734408
4318375,CN1CCN(c2ccc(Nc3ncc4[nH]c(=O)n(C5CCCCC5)c4n3)cc2Cl)CC1,5.2006594505464205
4318299,CN1CCN(c2ccc(Nc3ncc4[nH]c(=O)n([C@H]5C[C@@H]6CC[C@@H]5C6)c4n3)cc2)CC1,5.79588001734408
4318302,CN1CCN(c2ccc(Nc3ncc4c(=O)[nH]n(C5CCCC5)c4n3)cc2)CC1,5.09691001300806
4318340,CN1CCN(c2ccc(Nc3ncc4cnn(C5CCCC5)c4n3)cc2)CC1,6.79588001734408
4318337,CN1CCN(c2ccc(Nc3ncc4cnn(C5CCCCC5)c4n3)cc2)CC1,6.92081875395237
4318352,CN1CCN(c2ccc(Nc3ncc4cnn(C5CCCCC5)c4n3)cc2Cl)CC1,6.79588001734408
4318364,CN1CCN(c2ccc(Nc3ncc4cnn(C5CCOCC5)c4n3)cc2)CC1,6.30102999566398
4318350,CN1CCN(c2ccc(Nc3ncc4cnn([C@@H]5C[C@@H]6CC[C@@H]5C6)c4n3)cc2)CC1,6.397940008672039
4318360,CN1CCN(c2ccc(Nc3ncc4cnn([C@H]5C[C@@H]6CC[C@@H]5C6)c4n3)cc2)CC1,7.0
4318348,CN1CCN(c2ccc(Nc3ncc4cnn(-c5ccccc5)c4n3)cc2)CC1,7.096910013008058
4324097,CN1CCN(c2ccc(Nc3nccc(-c4c[nH]c5ccccc45)n3)cc2)CC1,6.36251027048749
4264623,CN1CCN(c2ccc(C(=O)Nc3n[nH]c4c3CN(C(=O)Cc3ccccc3)C4)cc2)CC1,6.86191813516461
4291707,CN1CCN(c2ccc(C(=O)Nc3n[nH]c4c3CN(C(=O)Cc3cccs3)C4)cc2)CC1,7.420076644802481
4336688,CN1CCN(c2ccc(C(=O)Nc3n[nH]c4c3CN(C(=O)[C@H](F)c3ccccc3)C4)cc2)CC1,8.04575749056067
4336689,CN1CCN(c2ccc(C(=O)Nc3n[nH]c4c3CN(C(=O)[C@H](O)c3ccccc3)C4)cc2)CC1,8.221848749616361
4291708,CN1CCN(c2ccc(C(=O)Nc3n[nH]c4c3CN(C(=O)c3ccco3)C4)cc2)CC1,6.79588001734408
4335534,CN1CCN(c2ccc3[nH]c(-c4n[nH]c5ncc(Br)cc45)nc3c2)CC1,6.0
4335488,CN1CCN(c2ccc3[nH]c(-c4n[nH]c5ncc(-c6cccnc6)cc45)nc3c2)CC1,6.64801054456437
4335486,CN1CCN(c2ccc3[nH]c(-c4n[nH]c5ncc(-c6cncc(CN7CCCC7)c6)cc45)nc3c2)CC1,6.35154240571748
4335483,CN1CCN(c2ccc3[nH]c(-c4n[nH]c5ncc(-c6cncc(CN7CCOCC7)c6)cc45)nc3c2)CC1,7.05898575629443
4335535,CN1CCN(c2ccc3[nH]c(-c4n[nH]c5ncc(-c6cncc7ccccc67)cc45)nc3c2)CC1,6.0
4352356,CN1CCN(CCc2ccc(NC(=O)c3sc4ncc(C#N)c5c4c3[nH]c(=O)n5-c3c(Cl)ccc4c3OCO4)cc2)CC1,5.0
4310972,Cc1cc(CCN2CCN(C)CC2)ccc1Nc1nccc(-c2c[nH]c3ncccc23)n1,6.04812844287164
4310976,CN1CCN(CCc2ccc(Nc3nccc(-c4c[nH]c5ncccc45)n3)c(Cl)c2)CC1,6.104909103065599
4310946,CN1CCN(CCc2ccc(Nc3nccc(-c4c[nH]c5ncccc45)n3)cc2)CC1,6.70553377383841
4361799,CN1CCN(Cc2ccc(Nc3ncc(C#N)s3)nc2)CC1,5.420216403383192
4318355,CN1CCN(Cc2ccc(Nc3ncc4cnn(C5CCCCC5)c4n3)cc2)CC1,6.30102999566398
4318293,CN1CCN(Cc2ccc(Nc3ncc4cnn(C5CCOCC5)c4n3)cc2)CC1,5.903089986991942
4318289,CN1CCN(Cc2ccc(Nc3ncc4cnn([C@@H]5C[C@@H]6CC[C@@H]5C6)c4n3)cc2)CC1,6.602059991327961
4318331,CN1CCN(Cc2ccc(Nc3ncc4cnn([C@H]5C[C@@H]6CC[C@@H]5C6)c4n3)cc2)CC1,6.49485002168009
4318325,CN1CCN(Cc2ccc(N(C(=O)OC(C)(C)C)c3ncc4cnn([C@H]5C[C@@H]6CC[C@@H]5C6)c4n3)cc2)CC1,5.2006594505464205
4361798,CNC(=O)N1CCN(Cc2ccc(Nc3ncc(C#N)s3)nc2)CC1,6.05551732784983
4361737,CNC(=O)c1ccc(Nc2ncc(Br)s2)cc1,6.56520814614329
4361782,CNC(=O)c1cccc(Nc2ncc(Br)s2)c1,6.130768280269018
4310919,CNCCOc1ccc(Nc2nccc(-c3c[nH]c4ncccc34)n2)c(C)c1,5.0
4310917,CNCC[C@H]1CC[C@H](Nc2nccc(-c3c[nH]c4ncccc34)n2)CC1,5.99697052944638
4310966,CNCCc1ccc(Nc2nccc(-c3c[nH]c4ncccc34)n2)c(C)c1,6.499626285646629
4310974,CNCCc1ccc(Nc2nccc(-c3c[nH]c4ncccc34)n2)c(Cl)c1,6.389872386924
4310949,CNCCc1ccc(Nc2nccc(-c3c[nH]c4ncccc34)n2)cc1,6.73992861201492
4310912,CNCCn1cc(-c2ccnc(N[C@H]3CC[C@H](O)CC3)n2)c2cccnc21,4.0
4335501,CNCc1cncc(-c2cnc3[nH]nc(-c4nc5cc(OC(F)(F)F)ccc5[nH]4)c3c2)c1,6.0
4335480,CNCc1cncc(-c2cnc3[nH]nc(-c4nc5cc(N6CCN(C)CC6)ccc5[nH]4)c3c2)c1,6.76120143728608
4335502,CNCc1cncc(-c2cnc3[nH]nc(-c4nc5cc6c(cc5[nH]4)OC(F)(F)O6)c3c2)c1,5.0
4335506,CNCc1cncc(-c2cnc3[nH]nc(-c4nc5ccc(OC)cc5[nH]4)c3c2)c1,6.690156995283929
4335564,CNCc1cncc(-c2cnc3[nH]nc(-c4nc5c(COC)cccc5[nH]4)c3c2)c1C,5.75745857170162
4302531,CNS(=O)(=O)c1cccc(Nc2nccc(-c3sc(C)nc3C)n2)c1,5.89962945488244
4302517,CNS(=O)(=O)c1cccc(Nc2nccc(-c3sc(N)nc3C)n2)c1,7.096910013008058
66,CN[C@@H]1C[C@H]2O[C@@](C)([C@@H]1OC)n1c3ccccc3c3c4c(c5c6ccccc6n2c5c31)C(=O)NC4,6.52287874528034
4342337,CNc1ccc(Nc2nccc(-c3c(C)[nH]c(C#N)c3C)n2)cc1C(F)(F)F,6.903089986991942
4302576,CNc1ccc(Nc2nccc(-c3sc(C)nc3C)n2)cc1C(F)(F)F,6.397940008672039
4302649,CNc1nc(C)c(-c2ccnc(N)n2)s1,6.397940008672039
4302556,CNc1nc(C)c(-c2ccnc(Nc3cc(CO)cc(CO)c3)n2)s1,7.30102999566398
4302516,CNc1nc(C)c(-c2ccnc(Nc3cc(OC)c(OC)c(OC)c3)n2)s1,8.39794000867204
4302589,CNc1nc(C)c(-c2ccnc(Nc3cc(OC)cc(OC)c3)n2)s1,7.2218487496163615
4302500,CNc1nc(C)c(-c2ccnc(Nc3ccc(C)c(Br)c3)n2)s1,7.69897000433602
4302495,CNc1nc(C)c(-c2ccnc(Nc3ccc(C)c(S(=O)(=O)N4CCOCC4)c3)n2)s1,5.979303657420889
4302597,CNc1nc(C)c(-c2ccnc(Nc3ccc(OC)c(C)c3)n2)s1,7.2218487496163615
4302645,CNc1nc(C)c(-c2ccnc(Nc3ccc(N4CCN(C)CC4)cc3)n2)s1,6.24742501084005
4302493,CNc1nc(C)c(-c2ccnc(Nc3ccc(S(N)(=O)=O)cc3)n2)s1,7.52287874528034
4302524,CNc1nc(C)c(-c2ccnc(Nc3ccc(S(=O)(=O)NCCO)cc3)n2)s1,6.49485002168009
4302498,CNc1nc(C)c(-c2ccnc(Nc3ccc(S(=O)(=O)NCCOC)cc3)n2)s1,8.30102999566398
4302548,CNc1nc(C)c(-c2ccnc(Nc3ccc(S(=O)(=O)NCc4ccccc4)cc3)n2)s1,5.600326278518961
4302636,CNc1nc(C)c(-c2ccnc(Nc3ccc(N4CCOCC4)cc3C)n2)s1,5.397940008672039
4302510,CNc1nc(C)c(-c2ccnc(Nc3cccc(N4CCN(C(C)=O)CC4)c3)n2)s1,7.69897000433602
4302541,CNc1nc(C)c(-c2ccnc(Nc3cccc(N4CCNCC4)c3)n2)s1,6.69897000433602
4302518,CNc1nc(C)c(-c2ccnc(Nc3cccc(S(C)(=O)=O)c3)n2)s1,6.49485002168009
4302513,CNc1nc(C)c(-c2ccnc(Nc3cccc(S(N)(=O)=O)c3)n2)s1,7.397940008672039
4302509,CNc1nc(C)c(-c2ccnc(Nc3cccc(S(=O)(=O)NC(C)=O)c3)n2)s1,5.79588001734408
4302515,CNc1nc(C)c(-c2ccnc(Nc3cccc(S(=O)(=O)NC)c3)n2)s1,7.096910013008058
4302529,CNc1nc(C)c(-c2ccnc(Nc3cccc(S(=O)(=O)NCCO)c3)n2)s1,7.397940008672039
4302504,CNc1nc(C)c(-c2ccnc(Nc3cccc(S(=O)(=O)NCCOC)c3)n2)s1,7.69897000433602
4302626,CNc1nc(C)c(-c2ccnc(Nc3cccc(S(=O)(=O)Nc4cccc(OC)c4)c3)n2)s1,7.92081875395237
4360439,CNc1nc(NCCc2ccccc2OC)nc(Nc2ccc3ncccc3c2)n1,5.29242982390206
4307726,CNc1ncnc(-c2cccnc2Oc2ccc(F)c(C(=O)Nc3cc(C(F)(F)F)ccc3N(C)CCCN(C)C)c2)n1,4.60205999132796
4344426,COC(=O)CCc1cnc(Nc2ncnc3cc(OC)c(OC)cc23)s1,6.00436480540245
4344156,COC(=O)[C@H](CC(=O)NCc1cn(CCCCc2ccccn2)c2ccc(Oc3ccc(O)cc3)cc12)NC(C)=O,4.43179827593301
4335495,COC(=O)c1ccc2[nH]c(-c3n[nH]c4ncc(-c5cccnc5)cc34)nc2c1,4.0
4335497,COC(=O)c1cccc2[nH]c(-c3n[nH]c4ncc(-c5cccnc5)cc34)nc12,4.0
4335471,COC(=O)c1cccc2[nH]c(-c3n[nH]c4ncc(-c5cncc6ccccc56)cc34)nc12,4.0
4346703,COC12CCC(CC1NC(=O)c1ccnc(Nc3cccc(NCCCN4CCOCC4)c3)n1)C2(OC)OC,7.30102999566398
4338389,COC1CCN(C(=O)Nc2c[nH]nc2-c2nc3cc4c(cc3[nH]2)C(C)(C)C(=O)N4)CC1,7.95860731484177
4361767,COCC(C)NC(=O)c1ccc(Nc2ncc(Br)s2)cc1,6.481486060122111
4318368,COCCCC(=O)N1CCN(Cc2ccc(Nc3ncc4cnn(C5CCCCC5)c4n3)cc2)CC1,6.69897000433602
4360563,COCCCN(Cc1ccc(Nc2ncc3cnn(C4CCCCC4)c3n2)cc1)C(=O)OC(C)(C)C,6.19997064075587
4360568,COCCCN(Cc1ccc(Nc2ncc3cnn(C4CCOCC4)c3n2)cc1)C(=O)OC(C)(C)C,7.0
4360566,COCCCN(Cc1ccc(Nc2ncc3cnn([C@H]4C[C@@H]5CC[C@H]4C5)c3n2)cc1)C(=O)OC(C)(C)C,6.1001794975729
4318334,COCCCN1CCC(NC(=O)c2ccc(Nc3ncc4cnn(C5CCCCC5)c4n3)cc2)CC1,6.397940008672039
4318301,COCCCN1CCN(c2ccc(Nc3ncc4c(n3)N(C3CCCCC3)C(=O)C4)cc2)CC1,5.79588001734408
4318366,COCCCN1CCN(Cc2ccc(Nc3ncc4cnn(C5CCCCC5)c4n3)cc2)CC1,6.92081875395237
4318291,COCCCNC1CCN(Cc2ccc(Nc3ncc4cnn(C5CCCCC5)c4n3)cc2)CC1,6.49485002168009
4360567,COCCCNCc1ccc(Nc2ncc3cnn(C4CCOCC4)c3n2)cc1,5.4000078224159
4360565,COCCCNCc1ccc(Nc2ncc3cnn([C@H]4C[C@@H]5CC[C@H]4C5)c3n2)cc1,6.701146923590291
4360564,COCCCNCc1ccc(Nc2ncc3cnn([C@H]4C[C@@H]5CC[C@H]4C5)c3n2)cc1,6.600326278518961
4360560,COCCCNS(=O)(=O)c1ccc(Nc2ncc3cnn(C4CCCCC4)c3n2)cc1,7.20065945054642
4361768,COCCN(C)C(=O)c1ccc(Nc2ncc(Br)s2)cc1,6.0087739243075005
4361739,COCCNC(=O)c1ccc(Nc2ncc(Br)s2)cc1,7.0132282657337495
4361781,COCCNC(=O)c1cccc(Nc2ncc(Br)s2)c1,5.913640169325251
4335492,COCCNCc1cncc(-c2cnc3[nH]nc(-c4nc5c(COC)cccc5[nH]4)c3c2)c1,5.3466909870615185
4335485,COCCNCc1cncc(-c2cnc3[nH]nc(-c4nc5cc(N6CCN(C)CC6)ccc5[nH]4)c3c2)c1,6.36896230346326
4302560,COCCNS(=O)(=O)c1ccc(Nc2nccc(-c3sc(C)nc3C)n2)cc1,6.92081875395237
4302499,COCCNS(=O)(=O)c1ccc(Nc2nccc(-c3sc(N)nc3C)n2)cc1,7.30102999566398
4302668,COCCNS(=O)(=O)c1ccc(Nc2nccc(-c3sc(-c4cccnc4)nc3C)n2)cc1,6.0
4302506,COCCNS(=O)(=O)c1cccc(Nc2nccc(-c3sc(C)nc3C)n2)c1,6.92081875395237
4302505,COCCNS(=O)(=O)c1cccc(Nc2nccc(-c3sc(N)nc3C)n2)c1,6.79588001734408
4302575,COCCNc1nc(C)c(-c2ccnc(Nc3ccc(N4CCOCC4)cc3)n2)s1,7.0
4342342,COCCOC(=O)c1[nH]c(C)c(-c2ccnc(Nc3ccc(N4CCOCC4)cc3)n2)c1-c1ccccc1,6.069050968832481
4302661,COCCOc1cc(C(F)(F)F)cnc1-c1nc(C)c(-c2ccnc(Nc3ccc(N4CCOCC4)cc3)n2)s1,6.49485002168009
10000008,COCCOc1cc2ncnc(Nc3ncc(CC(=O)Nc4cccc(F)c4)s3)c2cc1OC,9.0
4335515,COCc1cccc2[nH]c(-c3n[nH]c4ncc(Br)cc34)nc12,5.0
4335491,COCc1cccc2[nH]c(-c3n[nH]c4ncc(-c5c[nH]c6ncccc56)cc34)nc12,6.7182850299727
4335542,COCc1cccc2[nH]c(-c3n[nH]c4ncc(-c5cc[nH]c5)cc34)nc12,6.0
4335459,COCc1cccc2[nH]c(-c3n[nH]c4ncc(-c5ccc(OC)nc5)cc34)nc12,4.0
4335540,COCc1cccc2[nH]c(-c3n[nH]c4ncc(-c5cn(S(=O)(=O)c6ccccc6)c6ccccc56)cc34)nc12,4.0
4335543,COCc1cccc2[nH]c(-c3n[nH]c4ncc(-c5cncc(C=O)c5)cc34)nc12,6.605023280445441
4335557,COCc1cccc2[nH]c(-c3n[nH]c4ncc(-c5cncc(CN(C)C)c5)cc34)nc12,5.425737231993481
4335563,COCc1cccc2[nH]c(-c3n[nH]c4ncc(-c5cncc(CN(C)C)c5C)cc34)nc12,6.4936302829044985
4335473,COCc1cccc2[nH]c(-c3n[nH]c4ncc(-c5cncc(CN)c5)cc34)nc12,5.32376378323669
4335556,COCc1cccc2[nH]c(-c3n[nH]c4ncc(-c5cncc(CN6CCOCC6)c5)cc34)nc12,5.41017901370665
4335562,COCc1cccc2[nH]c(-c3n[nH]c4ncc(-c5cncc(CN6CCOCC6)c5C)cc34)nc12,6.0
4335555,COCc1cccc2[nH]c(-c3n[nH]c4ncc(-c5cncc(CNC(C)(C)C)c5)cc34)nc12,5.81730009666396
4335545,COCc1cccc2[nH]c(-c3n[nH]c4ncc(-c5cncc(CNC(C)C)c5)cc34)nc12,5.181774106386039
4335560,COCc1cccc2[nH]c(-c3n[nH]c4ncc(-c5cncc(CNC(C)C)c5C)cc34)nc12,4.905528871358361
4335475,COCc1cccc2[nH]c(-c3n[nH]c4ncc(-c5cncc(CNCCN(C)C)c5)cc34)nc12,5.18032448000571
4335474,COCc1cccc2[nH]c(-c3n[nH]c4ncc(-c5cncc(CNCCN6CCOCC6)c5)cc34)nc12,5.1660246287200895
4335476,COCc1cccc2[nH]c(-c3n[nH]c4ncc(-c5cncc(CNCCO)c5)cc34)nc12,5.49689056332863
4335460,COCc1cccc2[nH]c(-c3n[nH]c4ncc(-c5cncc(OC)c5)cc34)nc12,5.0
4335508,COCc1cccc2[nH]c(-c3n[nH]c4ncc(-c5cncc6ccccc56)cc34)nc12,6.49208549532394
4335464,COCc1cccc2[nH]c(-c3n[nH]c4ncc(-c5cncnc5)cc34)nc12,5.0
4335537,COCc1cccc2[nH]c(-c3nn(C)c4ncc(-c5cncc6ccccc56)cc34)nc12,4.0
4351589,CO/N=C/c1c(N)ncnc1Oc1ccc(O)cc1,4.74957999769111
4351590,CO/N=C/c1c(N)ncnc1Oc1ccc2[nH]c(C)cc2c1,4.0
4264626,CO[C@@H](C(=O)N1Cc2[nH]nc(NC(=O)c3ccc(N4CCCCC4)cc3)c2C1)c1ccccc1,7.4317982759330095
4264627,CO[C@@H](C(=O)N1Cc2[nH]nc(NC(=O)c3ccc(N4CCN(C)C(C)C4)cc3)c2C1)c1ccccc1,7.744727494896691
4264624,CO[C@@H](C(=O)N1Cc2[nH]nc(NC(=O)c3ccc(N4CCN(C)CC4)cc3)c2C1)c1ccccc1,7.85599777091013
4336691,CO[C@H](C(=O)N1Cc2[nH]nc(NC(=O)c3ccc(N4CCN(C)CC4)cc3)c2C1)c1ccccc1,6.45099673797421
4310914,CO[C@H]1CC[C@H](Nc2nccc(-c3c[nH]c4ncccc34)n2)CC1,5.0
4342357,COc1cc(Nc2nccc(-c3c(C)[nH]c(C#N)c3C)n2)cc(OC)c1OC,6.774690718274139
4342358,COc1cc(Nc2nccc(-c3c(C)c(C#N)n(C)c3C)n2)cc(OC)c1OC,6.903089986991942
4324091,COc1cc(Nc2nccc(-c3c[nH]c4ccccc34)n2)cc(OC)c1,6.249337353865942
4324083,COc1cc(Nc2nccc(-c3c[nH]c4ccccc34)n2)cc(OC)c1OC,7.27245874297144
4324084,COc1cc(Nc2nccc(-c3c[nH]c4ccccc34)n2)ccc1N1CCOCC1,6.95194682688439
4310929,COc1cc(Nc2nccc(-c3c[nH]c4ncccc34)n2)cc(OC)c1OC,7.20065945054642
4302592,COc1cc(Nc2nccc(-c3sc(C)nc3C)n2)cc(OC)c1,7.096910013008058
4302550,COc1cc(Nc2nccc(-c3sc(C)nc3C)n2)cc(OC)c1OC,7.69897000433602
4302590,COc1cc(Nc2nccc(-c3sc(C)nc3C)n2)ccc1N1CCOCC1,7.397940008672039
4302617,COc1cc(Nc2nccc(-c3sc(CO)nc3C)n2)ccc1N1CCCCC1,7.2218487496163615
4302607,COc1cc(Nc2nccc(-c3sc(CO)nc3C)n2)ccc1N1CCOCC1,7.397940008672039
4302582,COc1cc(Nc2nccc(-c3sc(N)nc3C)n2)cc(OC)c1,7.0
4302587,COc1cc(Nc2nccc(-c3sc(N)nc3C)n2)cc(OC)c1OC,7.52287874528034
4302596,COc1cc(Nc2nccc(-c3sc(N)nc3C)n2)ccc1N1CCOCC1,7.397940008672039
4302637,COc1cc(Nc2nccc(-c3sc(NCCc4ccccc4)nc3C)n2)cc(OC)c1,6.096910013008058
4302586,COc1cc(Nc2nccc(-c3sc(NCCc4ccccc4)nc3C)n2)cc(OC)c1OC,7.2218487496163615
4302622,COc1cc(Nc2nccc(-c3sc(-c4cccnc4)nc3C)n2)cc(OC)c1OC,7.096910013008058
4302623,COc1cc(Nc2nccc(-c3sc(-c4cccnc4)nc3C)n2)ccc1N1CCOCC1,7.0
4303506,COc1cc2c(cc1OC)Oc1ncnc(Cc3cnc(NC(=O)c4ccc(C)cc4)nc3)c1NC2,5.92081875395237
4303509,COc1cc2c(cc1OC)Oc1ncnc(Cc3cnc(NC(=O)c4cccc(F)c4)nc3)c1NC2,5.95860731484177
4303502,COc1cc2c(cc1OC)Oc1ncnc(Cc3cnc(NC(=O)c4ccccc4)nc3)c1NC2,6.32790214206428
4297947,COc1cc2[nH]c3ncnc(N4CCN(C(=S)Nc5ccc(S(=O)(=O)Nc6ncccn6)cc5)CC4)c3c2cc1OC,6.0457574905606695
4194254,COc1cc2c(Nc3cc(C(=O)Nc4ccc(F)cc4)n(C)c3)ncnc2cc1OCCCN1CCOCC1,7.050609993355089
4194252,COc1cc2c(Nc3cc(CC(=O)Nc4cccc(F)c4)n[nH]3)ncnc2cc1OCCCN(C)CCO,9.0
4194251,COc1cc2c(Nc3cc(CC(=O)Nc4cccc(F)c4)n[nH]3)ncnc2cc1OCCCN1CCC[C@H]1CO,8.0
4126956,COc1cc2c(Nc3ccc(NC(=O)c4ccccc4)cc3)ncnc2cc1OCCCN1CCOCC1,7.0914786583932194
4194256,COc1cc2c(Nc3ccc(Oc4ccccc4)cc3)ncnc2cc1OCCCN1CCOCC1,7.161150909262742
4336567,COc1cc2c(Nc3cnc(NC(=O)c4ccc(C)c(Br)c4)nc3)ncnc2cc1OCCCN1CCOCC1,7.15490195998574
4336566,COc1cc2c(Nc3cnc(NC(=O)c4ccc(F)c(Cl)c4)nc3)ncnc2cc1OCCCN1CCOCC1,9.82390874094432
4336569,COc1cc2c(Nc3cnc(NC(=O)c4cccc(Cl)c4)nc3)ncnc2cc1OCCCN1CCCCC1,9.09691001300806
4194185,COc1cc2c(Nc3cnc(NC(=O)c4ccccc4)nc3)ccnc2cc1OCCCN1CCOCC1,7.22767829327708
4336563,COc1cc2c(Nc3cnc(NC(=O)c4ccccc4)nc3)ncnc2cc1OCCCN1CCOCC1,8.52287874528034
4336568,COc1cc2c(Nc3cnc(NC(=O)c4ccccc4)nc3)ncnc2cc1OC[C@@H](O)CN1CCCCC1,9.09691001300806
4336565,COc1cc2c(Nc3cnc(NC(=O)c4ccncc4)nc3)ncnc2cc1OCCCN1CCOCC1,6.161150909262742
4194253,COc1cc2c(Nc3nc(CC(=O)Nc4ccc(F)cc4)cs3)ncnc2cc1OCCCN1CCOCC1,6.77728352885242
10000017,COc1cc2c(Nc3nc(CC(=O)Nc4cccc(F)c4)cs3)ncnc2cc1OCCCN1CCOCC1,6.23807216157947
10000014,COc1cc2c(Nc3ncc(C)s3)ncnc2cc1OCCCN1CCOCC1,7.36653154442041
10000022,COc1cc2c(Nc3ncc(CC(=O)NCCC(C)C)s3)ncnc2cc1OCCCN1CCOCC1,6.8013429130455805
10000020,COc1cc2c(Nc3ncc(CC(=O)Nc4cccc(F)c4)o3)ncnc2cc1OCCCN1CCOCC1,6.32605800136591
10000009,COc1cc2c(Nc3ncc(CC(=O)Nc4cccc(F)c4)s3)ncnc2cc1OCCCNCCO,8.30102999566398
10000004,COc1cc2c(Nc3ncc(CC(=O)Nc4cccc(F)c4F)s3)ncnc2cc1OCCCN1CCC[C@H]1CO,8.69897000433602
10000006,COc1cc2c(Nc3ncc(CC(=O)Nc4cccc(N(C)C)c4)s3)ncnc2cc1OCCCN1CCC[C@H]1CO,6.31605286924849
10000007,COc1cc2c(Nc3ncc(CC(=O)Nc4ccccc4C(N)=O)s3)ncnc2cc1OCCCN1CCC[C@H]1CO,6.34486156518862
4344423,COc1cc2c(Nc3ncc(CCC(=O)Nc4ccc(F)cc4)s3)ncnc2cc1OCCCN1CCCC1,6.14874165128092
4344427,COc1cc2c(Nc3ncc(CCC(=O)Nc4cccc(F)c4)s3)ncnc2cc1OCCCN1CCCC1,6.397940008672039
4344424,COc1cc2c(Nc3ncc(CCNC(=O)c4cccc(F)c4)s3)ncnc2cc1OCCCN1CCCC1,7.0
4344425,COc1cc2c(Nc3ncc(CCNC(=O)c4ccccc4)s3)ncnc2cc1OCCCN1CCCC1,6.79588001734408
10000025,COc1cc2c(Nc3ncc(CNC(=O)c4cccc(F)c4)s3)ncnc2cc1OCCCN1CCC(CO)CC1,6.95467702121334
10000002,COc1cc2c(Nc3ncc(CNS(=O)(=O)c4cccc(F)c4)s3)ncnc2cc1OCCCN1CCC(CO)CC1,7.92081875395237
4336564,COc1cc2c(Nc3ncc(NC(=O)c4ccccc4)cn3)ncnc2cc1OCCCN1CCOCC1,6.201349354554732
10000016,COc1cc2c(Nc3ncc(C(=O)Nc4ccc(F)cc4)s3)ncnc2cc1OCCCN1CCOCC1,9.0
4346060,COc1cc2cc(Nc3cc(C)[nH]n3)nc(OC3CCCC3)c2cc1OC,7.67778070526608
4297951,COc1cc2ncnc(N3CCN(C(=S)Nc4ccc(S(=O)(=O)Nc5ncccn5)cc4)CC3)c2cc1OC,5.32790214206428
4194257,COc1cc2ncnc(Nc3ccc(/C=C/C(=O)NC4CCCC(C)C4)cc3)c2cc1OC,6.9318141382538405
1774957,COc1cc2ncnc(Nc3ccc(NC(=O)c4ccccc4)cc3)c2cc1OC,6.412781099016218
4194330,COc1cc2ncnc(Nc3ccc(C(=O)NCc4ccc(F)cc4)cc3)c2cc1OC,6.284832642151541
4126993,COc1cc2ncnc(Nc3cnc(NC(=O)c4ccccc4)nc3)c2cc1OC,8.10513034325475
4344429,COc1cc2ncnc(Nc3ncc(CCC(=O)Nc4ccc(F)cc4)s3)c2cc1OC,5.22184874961636
4344428,COc1cc2ncnc(Nc3ncc(CCC(=O)Nc4cccc(F)c4)s3)c2cc1OC,5.88605664769316
4297952,COc1cc2ncnc(Nc3ncc(NC(=S)NCc4ccc5c(c4)OCO5)cn3)c2cc1OC,4.44369749923271
4342335,COc1ccc(C)c(Nc2nccc(-c3c(C)[nH]c(C#N)c3C)n2)c1,5.189364299724461
4302671,COc1ccc(C)c(Nc2nccc(-c3sc(C)nc3C)n2)c1,5.30016227413275
4360834,COc1ccc(CN2Cc3c([nH]c4cc(-c5ccco5)nn4c3=O)C2=O)cc1,5.09691001300806
4360438,COc1ccc(Nc2nc(Nc3ccc4ncccc4c3)nc(NC(Cc3c[nH]c4ncccc34)C(N)=O)n2)cc1OC,6.5686362358410095
4360436,COc1ccc(Nc2nc(NCCc3ccccc3F)nc(Nc3ccc4ncccc4c3)n2)cc1OC,5.4317982759330095
4346072,COc1ccc(Nc2nc(Nc3cc[nH]n3)cc3ccccc23)cc1OC,6.58670023591875
4361756,COc1ccc(Nc2ncc(Br)s2)cc1,5.769551078621732
4346691,COc1ccc(Nc2nccc(C(=O)NC3CC4CCC3(C)C4(C)C)n2)cc1OCCN1CCCC1,7.744727494896691
4346697,COc1ccc(Nc2nccc(C(=O)NC3CC4CCC3(C)C4(C)C)n2)cc1OCCN1CCOCC1,7.63827216398241
4342334,COc1ccc(Nc2nccc(-c3c(C)[nH]c(C#N)c3C)n2)cn1,6.34390179798717
4324075,COc1ccc(Nc2nccc(-c3c[nH]c4ccccc34)n2)cn1,6.61367942610595
4310951,COc1ccc(Nc2nccc(-c3c[nH]c4ncccc34)n2)c(C)c1,6.44733178388781
4310932,COc1ccc(Nc2nccc(-c3c[nH]c4ncccc34)n2)cc1,6.87289520163519
4352795,COc1ccc(Nc2nccc(-c3cccc(CN(C)C)c3)n2)cn1,5.10790539730952
4352804,COc1ccc(Nc2nccc(-c3cccc(CO)c3)n2)cn1,6.01772876696043
4352780,COc1ccc(Nc2nccc(-c3cccc(N(C)S(C)(=O)=O)c3)n2)cn1,6.4089353929735005
4302670,COc1ccc(Nc2nccc(-c3sc(C)nc3C)n2)c(C)c1,5.600326278518961
4302616,COc1ccc(Nc2nccc(-c3sc(C)nc3C)n2)cc1CN1CCOCC1,6.69897000433602
4302598,COc1ccc(Nc2nccc(-c3sc(N)nc3C)n2)cc1C,7.397940008672039
4302644,COc1ccc(Nc2nccc(-c3sc(-c4cccnc4)nc3C)n2)cc1C,6.30102999566398
4352794,COc1ccc(-c2ccnc(Nc3ccc(O)cc3)n2)cc1,6.397940008672039
4352802,COc1ccc(-c2ccnc(Nc3ccc(N4CCOCC4)cc3)n2)cc1,6.2839966563652006
4352809,COc1ccc(-c2ccnc(Nc3cccc(O)c3)n2)cc1,7.30102999566398
4303510,COc1ccc2c(c1)Oc1ncnc(Cc3cnc(NC(=O)c4ccc(F)cc4)nc3)c1NC2,6.481486060122111
4303508,COc1ccc2c(c1)Oc1ncnc(Cc3cnc(NC(=O)c4cccc(F)c4)nc3)c1NC2,6.49485002168009
4303512,COc1ccc2c(c1)Oc1ncnc(Cc3cnc(NC(=O)c4ccccc4)nc3)c1NC2,6.2218487496163615
4303505,COc1ccc2c(c1)CNc1c(Cc3cnc(NC(=O)c4ccc(C)cc4)nc3)ncnc1O2,5.455931955649719
4303507,COc1ccc2c(c1)CNc1c(Cc3cnc(NC(=O)c4cccc(F)c4)nc3)ncnc1O2,5.95860731484177
4303500,COc1ccc2c(c1)CNc1c(Cc3cnc(NC(=O)c4ccccc4)nc3)ncnc1O2,6.0132282657337495
4347746,COc1cc2c(c(-c3cc4cc(OC)ccc4[nH]3)c1)C(=O)NC2,7.0
4347765,COc1ccc2[nH]c(-c3ccc(N)c4c3C(=O)NC4)cc2c1,6.36451625318509
4347770,COc1ccc2[nH]c(-c3cccc4c3C(=O)NC4=O)cc2c1,0.0
4347743,COc1ccc2[nH]c(-c3cccc4c3C(=O)NC4)cc2c1,7.15490195998574
4347761,COc1ccc2[nH]c(-c3cccc4c3C(=O)NC4)nc2c1,6.68824613894425
4335489,COc1ccc2[nH]c(-c3n[nH]c4ncc(-c5cncc(CNC(C)C)c5)cc34)nc2c1,6.445268623324032
4346069,COc1ccc2c(Nc3ccc(Br)cc3)nc(Nc3cc(C)[nH]n3)cc2c1,7.36653154442041
4346076,COc1ccc2c(Sc3cccc(F)c3)nc(Nc3cc(C)[nH]n3)cc2c1,6.67778070526608
4324099,COc1ccc2c(-c3ccnc(Nc4ccc(N5CCN(C(C)=O)CC5)cc4)n3)c[nH]c2c1,6.67674789982831
4346063,COc1ccc2c(-c3ccc4ccccc4c3)nc(Nc3cc(C)[nH]n3)cc2c1,6.4089353929735005
4346068,COc1ccc2c(-c3ccc4ccccc4c3)nc(Nc3cc[nH]n3)cc2c1,5.527828853307638
4346061,COc1ccc2c(-c3cnn(C)c3)nc(Nc3cc[nH]n3)cc2c1,6.185086818724929
4347758,COc1cc2c(c(-c3cc4cc(OC)ccc4n3C(=O)OC(C)(C)C)c1)C(=O)NC2,0.0
4347763,COc1ccc2c(c1)cc(-c1ccc([N+](=O)[O-])c3c1C(=O)NC3)n2C(=O)OC(C)(C)C,6.5686362358410095
4347769,COc1ccc2c(c1)cc(-c1cccc3c1C(=O)NC3=O)n2C(=O)OC(C)(C)C,6.5686362358410095
4335500,COc1ccc2nc(-c3n[nH]c4ncc(-c5cccnc5)cc34)[nH]c2c1,6.554395796726401
4360835,COc1cccc(CN2Cc3c([nH]c4cc(-c5ccco5)nn4c3=O)C2=O)c1,4.818156412055231
10000005,COc1cccc(NC(=O)Cc2cnc(Nc3ncnc4cc(OCCCN5CCC[C@H]5CO)c(OC)cc34)s2)c1,6.974694134735231
4361776,COc1cccc(Nc2ncc(Br)s2)c1,6.0457574905606695
4310933,COc1cccc(Nc2nccc(-c3c[nH]c4ncccc34)n2)c1,7.0
4352789,COc1cccc(-c2ccnc(Nc3ccc(O)cc3)n2)c1,6.19382002601611
4352801,COc1cccc(-c2ccnc(Nc3cccc(F)c3)n2)c1,5.744727494896691
4352783,COc1cccc(-c2ccnc(Nc3cccc(O)c3)n2)c1,7.69897000433602
4303499,COc1cccc2c1CNc1c(Cc3cnc(NC(=O)c4ccccc4)nc3)ncnc1O2,5.65757731917779
4324098,COc1cccc2c(-c3ccnc(Nc4ccc(N5CCN(C(C)=O)CC5)cc4)n3)c[nH]c12,6.63096977819085
4346064,COc1cccc2c(-c3cccc(C#N)c3)nc(Nc3cc(C)[nH]n3)cc12,7.32790214206428
4360435,COc1ccccc1CCNc1nc(Nc2ccc3ncccc3c2)nc(NC(Cc2c[nH]c3ncccc23)C(N)=O)n1,5.2006594505464205
4360437,COc1ccccc1CCNc1nc(NC(Cc2c[nH]c3ncccc23)C(N)=O)nc(N(C)[C@@H](C)c2ccccc2)n1,5.67778070526608
4360836,COc1ccccc1CN1Cc2c([nH]c3cc(-c4ccco4)nn3c2=O)C1=O,5.2518119729938
4361786,COc1ccccc1Nc1ncc(Br)s1,5.5686362358410095
4310934,COc1ccccc1Nc1nccc(-c2c[nH]c3ncccc23)n1,6.30364361126667
4194255,COc1ccnc(COc2ccc(Nc3ncnc4cc(OC)c(OC)cc34)cc2C)c1,6.33254704711005
4352791,CS(=O)(=O)c1cccc(Nc2nccc(-c3cccc(Cn4cncn4)c3)n2)c1,5.82390874094432
4310907,CS(=O)(=O)n1cc(-c2ccnc(NC3CCCCC3)n2)c2cccnc21,5.62653627836763
4361777,CSc1cccc(Nc2ncc(Br)s2)c1,6.30102999566398
4264625,C[C@@H](C(=O)N1Cc2[nH]nc(NC(=O)c3ccc(N4CCN(C)CC4)cc3)c2C1)c1ccccc1,7.41022410441741
4299677,Cc1cncc2cccc(S(=O)(=O)N3CCCNC[C@H]3C)c12,5.5058454059815585
4336690,C[C@H](C(=O)N1Cc2[nH]nc(NC(=O)c3ccc(N4CCN(C)CC4)cc3)c2C1)c1ccccc1,6.34486156518862
4299685,C[C@H]1CN(C(=O)CN)CCCN1S(=O)(=O)c1cccc2cncc(Br)c12,5.5058454059815585
4299684,Cc1cncc2cccc(S(=O)(=O)N3CCCN(C(=O)CN)C[C@@H]3C)c12,5.62893213772826
4324104,C[C@H]1CN(c2ccc(Nc3nccc(-c4c[nH]c5ccccc45)n3)cc2)C[C@@H](C)O1,6.41363777669213
4324078,C[C@@H]1CN(c2ccc(Nc3nccc(-c4c[nH]c5ccccc45)n3)cc2)C[C@@H](C)O1.C[C@H]1CN(c2ccc(Nc3nccc(-c4c[nH]c5ccccc45)n3)cc2)C[C@@H](C)O1,6.55814782422671
4324089,C[C@H]1CN(c2ccc(Nc3nccc(-c4c[nH]c5ccccc45)n3)cc2)C[C@H](C)O1,5.9038202152852
4299680,C[C@H]1CNCCCN1S(=O)(=O)c1cccc2cncc(Br)c12,6.0777937225609815
4299681,C#Cc1cncc2cccc(S(=O)(=O)N3CCCNC[C@@H]3C)c12,5.33535802444387
4299670,C[C@H]1CNCCCN1S(=O)(=O)c1cccc2cncc(C#N)c12,5.206209615309179
4299666,Cc1cncc2cccc(S(=O)(=O)N3CCCNC[C@@H]3C)c12,6.12784372725171
4299671,C[C@H]1CNCCCN1S(=O)(=O)c1cccc2cncc(Cl)c12,5.74957999769111
4324090,C[C@H]1C[C@@H](C)CN(c2ccc(Nc3nccc(-c4c[nH]c5ccccc45)n3)cc2)C1.C[C@H]1C[C@H](C)CN(c2ccc(Nc3nccc(-c4c[nH]c5ccccc45)n3)cc2)C1,5.34544806642114
4349362,C[Si](C)(C)CCS(=O)(=O)N=S(C)(=O)c1ccc2cc1NCCCCNc1nc(ncc1Br)N2,6.07365755337435
4349366,C[Si](C)(C)CCS(=O)(=O)N=S(C)(=O)c1ccc2cc1OCCCCNc1nc(ncc1Br)N2,6.18575240426808
4342333,Cc1ccc([N+](=O)[O-])cc1Nc1nccc(-c2c(C)[nH]c(C#N)c2C)n1,5.0
4342336,Cc1[nH]c(C#N)c(C)c1-c1ccnc(Nc2ccc(Cl)nc2)n1,6.06499684854635
4342345,Cc1[nH]c(C#N)c(C)c1-c1ccnc(Nc2ccc(N3CCN(Cc4ccccc4)CC3)cc2)n1,6.55909091793478
4342339,Cc1cc(Nc2nccc(-c3c(C)[nH]c(C#N)c3C)n2)cnc1Cl,5.76827561667148
4310978,Cc1[nH]c2ncccc2c1-c1ccnc(N[C@H]2CC[C@H](N)CC2)n1,5.40055362427472
4342331,Cc1[nH]cc(-c2ccccc2)c1-c1ccnc(Nc2ccc(O)cc2)n1,5.811915626285058
4342347,Cc1[nH]cc(-c2ccccc2)c1-c1ccnc(Nc2ccc(N3CCOCC3)cc2)n1,5.7281583934635
4342330,Cc1[nH]cc(-c2ccccc2)c1-c1ccnc(Nc2cccc([N+](=O)[O-])c2)n1,6.06600683616876
4342320,Cc1c[nH]c(C)c1-c1ccnc(Nc2ccc(C#N)cc2)n1,5.0
4342349,Cc1c[nH]c(C)c1-c1ccnc(Nc2ccc(N3CCOCC3)c(Cl)c2)n1,6.583359492661719
4342321,Cc1c[nH]c(C)c1-c1ccnc(Nc2ccc(N3CCOCC3)cc2)n1,7.14266750356873
4342322,Cc1c[nH]c(C)c1-c1ccnc(Nc2cccc(C#N)c2)n1,5.0
4310962,Cc1cc(Br)ccc1Nc1nccc(-c2c[nH]c3ncccc23)n1,6.74088415581493
4310969,Cc1cc(CCN2CCCC2)ccc1Nc1nccc(-c2c[nH]c3ncccc23)n1,6.06560255921901
4310971,Cc1cc(CCN2CCCCC2)ccc1Nc1nccc(-c2c[nH]c3ncccc23)n1,6.04460091336073
4310970,Cc1cc(CCN2CCOCC2)ccc1Nc1nccc(-c2c[nH]c3ncccc23)n1,6.47716468633947
4310965,Cc1cc(CCO)ccc1Nc1nccc(-c2c[nH]c3ncccc23)n1,6.84679509991572
4346074,Cc1cc(Nc2cc3cc(OCCN4CCOCC4)ccc3c(-c3ccccc3)n2)n[nH]1,6.52724355068279
4346073,Cc1cc(Nc2cc3ccccc3c(Nc3cccnc3)n2)n[nH]1,6.617982957425129
4346053,Cc1ccc(Oc2nc(Nc3cc(C)[nH]n3)cc3ccccc23)cc1,7.180456064458129
4346054,Cc1cc(Nc2cc3ccccc3c(Oc3ccccc3Cl)n2)n[nH]1,5.7806774915806605
4346075,Cc1cc(Nc2cc3ccccc3c(Sc3ccccc3)n2)n[nH]1,6.30364361126667
4346062,Cc1cc(Nc2cc3ccccc3c(-c3ccncc3)n2)n[nH]1,6.481486060122111
4350622,Cc1cc(Nc2ccc(-c3n[nH]c(=O)c4ccccc34)cc2)[nH]n1,7.508638306165731
4324103,Cc1cc(Nc2nccc(-c3c[nH]c4ccccc34)n2)ccc1N1CCSCC1,6.06752623532285
4350623,Cc1cc(Nc2nn(Cc3ccccc3)c(=O)c3ccccc23)n[nH]1,7.18708664335714
4310918,Cc1cc(O)ccc1Nc1nccc(-c2c[nH]c3ncccc23)n1,6.92445303860747
4304342,Cc1cc(-c2nc3cc4c(cc3[nH]2)C(C)(C)CC(=O)N4)n[nH]1,6.67366413907125
4126936,Cc1cc(-c2cc(-c3ccnc(N)n3)ccc2O)nc(N)n1,5.318758762624411
4351593,Cc1cc2c(F)c(Oc3ncnc(N)c3/C=N/O)ccc2[nH]1,5.0
4351592,Cc1cc2c(F)c(Oc3ncnc(N)c3/C=N/OCCN3CCCC3)ccc2[nH]1,4.0
4351591,Cc1cc2c(F)c(Oc3ncnc(N)c3/C=N/OCCO)ccc2[nH]1,4.0
4361752,Cc1ccc(Nc2ncc(Br)s2)cc1,5.54668165995296
4310923,Cc1ccc(Nc2nccc(-c3c[nH]c4ncccc34)n2)c(C)c1,6.38933983691012
4310937,Cc1ccc(Nc2nccc(-c3c[nH]c4ncccc34)n2)cc1,6.53835143193654
4303504,Cc1ccc(C(=O)Nc2ncc(Cc3ncnc4c3NCc3ccccc3O4)cn2)cc1,5.4317982759330095
4310956,Cc1cccc(C)c1Nc1nccc(-c2c[nH]c3ncccc23)n1,6.25492520841794
4361774,Cc1cccc(Nc2ncc(Br)s2)c1,5.95860731484177
4310936,Cc1cccc(Nc2nccc(-c3c[nH]c4ncccc34)n2)c1,6.86646109162978
4310955,Cc1cccc(Nc2nccc(-c3c[nH]c4ncccc34)n2)c1C,6.62342304294349
4335548,Cc1ccccc1NC(=O)c1cccc2nc(-c3n[nH]c4ncc(-c5cncc6ccccc56)cc34)[nH]c12,6.637706062035768
4361784,Cc1ccccc1Nc1ncc(Br)s1,5.52287874528034
4310935,Cc1ccccc1Nc1nccc(-c2c[nH]c3ncccc23)n1,6.5212892444872415
4342354,Cc1cn(C)c(C)c1-c1ccnc(Nc2ccc(N3CCOCC3)c(Cl)c2)n1,6.27490547891853
4342353,Cc1cn(C)c(C)c1-c1ccnc(Nc2ccc(N3CCOCC3)cc2)n1,6.65364702554936
4299683,Cc1cncc2cccc(S(=O)(=O)N3CCCN(C(=O)CN)CC3)c12,5.427128397799518
4299672,Cc1cncc2cccc(S(=O)(=O)N3CCCNCC3)c12,5.46218090492673
4302635,Cc1nc(C)c(-c2ccnc(Nc3ccc(C)c(N4CCOCC4)c3)n2)s1,6.602059991327961
4302534,Cc1nc(C)c(-c2ccnc(Nc3ccc(C)c(S(=O)(=O)N4CCOCC4)c3)n2)s1,5.49485002168009
4302591,Cc1nc(C)c(-c2ccnc(Nc3ccc(CN4CCOCC4)cc3)n2)s1,7.0
4302653,Cc1nc(C)c(-c2ccnc(Nc3ccc(N4CCCCC4)c(C)c3)n2)s1,6.397940008672039
4302621,Cc1nc(C)c(-c2ccnc(Nc3ccc(N4CCOCC4)c(C)c3)n2)s1,7.397940008672039
4302573,Cc1nc(C)c(-c2ccnc(Nc3ccc(N4CCOCC4)c(Cl)c3)n2)s1,6.79588001734408
4302657,Cc1nc(C)c(-c2ccnc(Nc3ccc(N4CCOCC4)c(C(N)=O)c3)n2)s1,6.602059991327961
4302578,Cc1nc(C)c(-c2ccnc(Nc3ccc(O)c(CN4CCOCC4)c3)n2)s1,7.2218487496163615
4302647,Cc1nc(C)c(-c2ccnc(Nc3ccc(N4CCCC4)cc3)n2)s1,6.20065945054642
4302627,Cc1nc(C)c(-c2ccnc(Nc3ccc(N4CCCCC4)cc3)n2)s1,6.69897000433602
4302615,Cc1nc(C)c(-c2ccnc(Nc3ccc(N4CCN(C(=O)C5CC5)CC4)cc3)n2)s1,7.397940008672039
4302565,Cc1nc(C)c(-c2ccnc(Nc3ccc(N4CCN(Cc5ccccc5)CC4)cc3)n2)s1,6.49485002168009
4302609,Cc1nc(C)c(-c2ccnc(Nc3ccc(N4CCSCC4)cc3)n2)s1,6.79588001734408
4302526,Cc1nc(C)c(-c2ccnc(Nc3ccc(S(=O)(=O)NCCO)cc3)n2)s1,7.096910013008058
4302553,Cc1nc(C)c(-c2ccnc(Nc3ccc(S(=O)(=O)NCc4ccccc4)cc3)n2)s1,6.92081875395237
4302631,Cc1nc(C)c(-c2ccnc(Nc3ccc(N4CCOCC4)cc3C)n2)s1,5.79588001734408
4302577,Cc1nc(C)c(-c2ccnc(Nc3cccc(CN4CCOCC4)c3)n2)s1,6.79588001734408
4302485,Cc1nc(C)c(-c2ccnc(Nc3cccc(CNC(=O)c4ccccc4)c3)n2)s1,6.79588001734408
4302537,Cc1nc(C)c(-c2ccnc(Nc3cccc(CNC(=O)c4ccccn4)c3)n2)s1,6.096910013008058
4302487,Cc1nc(C)c(-c2ccnc(Nc3cccc(CNS(=O)(=O)C(F)(F)F)c3)n2)s1,6.69897000433602
4302557,Cc1nc(C)c(-c2ccnc(Nc3cccc(CNS(C)(=O)=O)c3)n2)s1,8.30102999566398
4302484,Cc1nc(C)c(-c2ccnc(Nc3cccc(N4CCNCC4)c3)n2)s1,4.4000078224159
4302579,Cc1nc(C)c(-c2ccnc(Nc3cccc(N4CCOCC4)c3)n2)s1,7.30102999566398
4302511,Cc1nc(C)c(-c2ccnc(Nc3cccc(S(C)(=O)=O)c3)n2)s1,6.602059991327961
4302539,Cc1nc(C)c(-c2ccnc(Nc3cccc(S(=O)(=O)NCCO)c3)n2)s1,6.20065945054642
4302656,Cc1cc(Nc2nccc(-c3sc(CO)nc3C)n2)ccc1N1CCCCC1,6.602059991327961
4302618,Cc1cc(Nc2nccc(-c3sc(CO)nc3C)n2)ccc1N1CCOCC1,7.30102999566398
4302606,Cc1nc(CO)sc1-c1ccnc(Nc2ccc(N3CCCCC3)cc2)n1,7.0
4302600,Cc1nc(CO)sc1-c1ccnc(Nc2ccc(N3CCOCC3)cc2)n1,7.096910013008058
4302481,Cc1nc(CS(=O)(=O)c2cccs2)sc1-c1ccnc(Nc2ccc(N3CCOCC3)cc2)n1,7.30102999566398
4302496,Cc1ccc(Nc2nccc(-c3sc(N)nc3C)n2)cc1S(=O)(=O)N1CCOCC1,6.32390874094432
4302611,Cc1cc(Nc2nccc(-c3sc(N)nc3C)n2)ccc1N1CCCCC1,6.79588001734408
4302619,Cc1cc(Nc2nccc(-c3sc(N)nc3C)n2)ccc1N1CCOCC1,7.2218487496163615
4302612,Cc1nc(N)sc1-c1ccnc(Nc2ccc(N3CCOCC3)c(C(N)=O)c2)n1,6.79588001734408
4302604,Cc1nc(N)sc1-c1ccnc(Nc2ccc(N3CCCCC3)cc2)n1,7.397940008672039
4302543,Cc1nc(N)sc1-c1ccnc(Nc2ccc(N3CCNCC3)cc2)n1,7.69897000433602
4271119,Cc1nc(N)sc1-c1ccnc(Nc2ccc(N3CCOCC3)cc2)n1,7.95860731484177
4302608,Cc1nc(N)sc1-c1ccnc(Nc2ccc(N3CCSCC3)cc2)n1,7.2218487496163615
4302525,Cc1nc(N)sc1-c1ccnc(Nc2ccc(S(=O)(=O)NCCO)cc2)n1,7.2218487496163615
4302552,Cc1nc(N)sc1-c1ccnc(Nc2ccc(S(=O)(=O)NCc3ccccc3)cc2)n1,6.49485002168009
4302594,Cc1nc(N)sc1-c1ccnc(Nc2ccc3c(c2)OCO3)n1,7.096910013008058
4302488,Cc1nc(N)sc1-c1ccnc(Nc2cccc(CNS(=O)(=O)C(F)(F)F)c2)n1,6.602059991327961
4302540,Cc1nc(N)sc1-c1ccnc(Nc2cccc(CNS(C)(=O)=O)c2)n1,6.92081875395237
4302533,Cc1nc(N)sc1-c1ccnc(Nc2cccc(S(=O)(=O)N3CCOCC3)c2)n1,5.49485002168009
4302530,Cc1nc(N)sc1-c1ccnc(Nc2cccc(S(=O)(=O)NCCO)c2)n1,7.0
4302574,Cc1nc(NC(C)(C)C)sc1-c1ccnc(Nc2ccc(N3CCOCC3)cc2)n1,7.30102999566398
4302502,Cc1nc(NC(C)(C)C)sc1-c1ccnc(Nc2cccc([N+](=O)[O-])c2)n1,7.0
4302581,Cc1nc(NCCc2ccccc2)sc1-c1ccnc(Nc2ccc(N3CCOCC3)cc2)n1,6.69897000433602
4302643,Cc1nc(NCCc2ccccc2)sc1-c1ccnc(Nc2ccc3c(c2)OCCO3)n1,5.903089986991942
4302640,Cc1nc(Nc2ccccc2)sc1-c1ccnc(Nc2ccc(N3CCN(Cc4ccccc4)CC3)cc2)n1,5.19997064075587
4302634,Cc1nc(-c2nc(C)c(-c3ccnc(Nc4ccc(N5CCOCC5)cc4)n3)s2)cs1,5.903089986991942
4302632,Cc1nc(-c2cccnc2)sc1-c1ccnc(Nc2cc(Cl)c(N3CCOCC3)c(Cl)c2)n1,6.602059991327961
4302655,Cc1cc(Nc2nccc(-c3sc(-c4cccnc4)nc3C)n2)ccc1N1CCCCC1,6.0
4302646,Cc1nc(-c2cccnc2)sc1-c1ccnc(Nc2ccc(N3CCCC3)cc2)n1,5.69897000433602
4302663,Cc1ccc(-c2nc(C)c(-c3ccnc(Nc4ccc(N5CCOCC5)cc4)n3)s2)c(C)c1,5.79588001734408
4302665,Cc1nc(-c2ccc(N3CCOCC3)cc2)sc1-c1ccnc(Nc2ccc(N3CCOCC3)cc2)n1,6.30102999566398
4302625,Cc1nc(-c2cccnc2)sc1-c1ccnc(Nc2ccc(N3CCOCC3)cc2)n1,6.602059991327961
4302648,Cc1nc(-c2cccnc2)sc1-c1ccnc(Nc2ccc(N3CCSCC3)cc2)n1,6.30102999566398
4302642,Cc1nc(-c2cccnc2)sc1-c1ccnc(Nc2ccc3c(c2)OCCO3)n1,5.79588001734408
4302641,Cc1nc(-c2cccnc2)sc1-c1ccnc(Nc2ccc3c(c2)OCO3)n1,5.69897000433602
4360571,c1ccc2c(c1)CC(NCc1ccc(Nc3ncc4cnn(C5CCCCC5)c4n3)cc1)C2,6.600326278518961
4360557,COCCCNCc1ccc(Nc2ncc3cnn(C4CCCCC4)c3n2)cc1,6.8013429130455805
4126989,O=S(=O)(NCCNC/C=C/c1ccc(Br)cc1)c1cccc2cnccc12,3.98505965020706
4318313,c1cc(Nc2ncc3cnn(C4CCCCC4)c3n2)ccc1CNC1CCNCC1,6.096910013008058
4318314,CN1CCC(NCc2ccc(Nc3ncc4cnn(C5CCCCC5)c4n3)cc2)CC1,5.79588001734408
4318377,O=c1[nH]c2cnc(Nc3ccc(CNC4CCNCC4)cc3)nc2n1C1CCCCC1,5.30102999566398
4126992,O=S(=O)(c1cccc2c(I)cccc12)N1CCCNCC1,3.36804917374078
4310977,Clc1cc(CCN2CCOCC2)ccc1Nc1nccc(-c2c[nH]c3ncccc23)n1,6.065754118976929
4361749,Clc1ccc(Nc2ncc(Br)s2)cc1,5.52287874528034
4310957,Clc1ccc(Nc2nccc(-c3c[nH]c4ncccc34)n2)c(Cl)c1,6.0
4310938,Clc1ccc(Nc2nccc(-c3c[nH]c4ncccc34)n2)cc1,6.0
4352353,N#Cc1c(N2CCOCC2)nc2sc(C(=O)Nc3ccc(CN4CCOCC4)cc3)c3[nH]c(=O)n(-c4c(Cl)ccc5c4OCO5)c1c23,5.189095719331299
4352357,N#Cc1cnc2sc(C(=O)Nc3ccc(CCN4CCOCC4)cc3)c3[nH]c(=O)n(-c4c(Cl)ccc5c4OCO5)c1c23,5.2269453066357405
4352393,N#Cc1cnc2sc(C(=O)Nc3ccc(CN4CCOCC4)cc3)c3[nH]c(=O)n(-c4c(Cl)ccc5c4OCO5)c1c23,4.974694134735231
4310939,Clc1ccccc1Nc1nccc(-c2c[nH]c3ncccc23)n1,6.54211810326601
4352391,N#Cc1cnc2sc(C(=O)Nc3ccc(CN4CCCCC4)cc3)c3[nH]c(=O)n(-c4ccccc4Cl)c1c23,4.97061622231479
4310906,Cn1cc(-c2ccnc(NC3CCCCC3)n2)c2cccnc21,4.0
4310924,Cn1cc(-c2ccnc(N[C@H]3CC[C@H](O)CC3)n2)c2cccnc21,5.0
4324092,Cn1cc(-c2ccnc(Nc3ccc(N4CCOCC4)cc3)n2)c2ccccc21,6.432385557269161
4360434,C=CCN(c1nc(NCCc2c[nH]c3ncccc23)nc(NCc2cccn2C)n1)C1CCCCC1,5.337242168318429
4361757,FC(F)(F)Oc1ccc(Nc2ncc(Br)s2)cc1,4.7644715530924495
4361753,FC(F)(F)c1ccc(Nc2ncc(Br)s2)cc1,5.619788758288388
4302724,O=C(Nc1cccc(Nc2nccc(Nc3cccc(C(F)(F)F)c3)n2)c1)C1CC1,7.376750709602098
4361775,FC(F)(F)c1cccc(Nc2ncc(Br)s2)c1,5.0
4302723,O=C(Nc1cccc(Nc2ccnc(Nc3cccc(C(F)(F)F)c3)n2)c1)C1CC1,6.03105031901866
4310926,FC(F)(F)c1ccccc1Nc1nccc(-c2c[nH]c3ncccc23)n1,6.0
4352382,N#Cc1cnc2sc(C(=O)Nc3ccc(CN4CCC(F)(F)CC4)cc3)c3[nH]c(=O)n(-c4c(Cl)ccc5c4OCO5)c1c23,4.8153085691824
4352380,N#Cc1cnc2sc(C(=O)Nc3ccc(CN4CCCC(F)C4)cc3)c3[nH]c(=O)n(-c4c(Cl)ccc5c4OCO5)c1c23,5.95860731484177
4361735,Fc1ccc(Nc2ncc(Br)s2)cc1,6.397940008672039
4361744,Fc1ccc(Nc2ncc(Cl)s2)cc1,5.95860731484177
4361746,Fc1ccc(Nc2ncc(I)s2)cc1,6.30102999566398
4324081,Fc1ccc(Nc2nccc(-c3c[nH]c4ccccc34)n2)cc1,5.97814942256568
4361773,Fc1cccc(Nc2ncc(Br)s2)c1,5.03151705144607
4346065,Fc1cccc(-c2nc(Nc3cc[nH]n3)cc3ccccc23)c1,6.2111248842245805
4361783,Fc1ccccc1Nc1ncc(Br)s1,5.25963731050576
4310953,Fc1ccccc1Nc1nccc(-c2c[nH]c3ncccc23)n1,7.0
4361797,N#Cc1cnc(Nc2ccc(CN3CCOCC3)cn2)s1,5.85387196432176
4276905,N#Cc1cnc(Nc2ccccn2)s1,5.602059991327961
4346067,c1ccc2c(-c3ccncc3)nc(Nc3cc[nH]n3)cc2c1,5.463820467862768
4346066,c1ccc2c(-c3ccsc3)nc(Nc3cc[nH]n3)cc2c1,6.02410886359821
4310930,c1ccc(Nc2nccc(-c3c[nH]c4ncccc34)n2)cc1,6.79860287567955
4352790,NC(=O)C1CCCN(Cc2cccc(-c3ccnc(Nc4cccc([N+](=O)[O-])c4)n3)c2)C1,6.0
4335547,NC1CCC(NC(=O)c2cccc3nc(-c4n[nH]c5ncc(-c6cncc7ccccc67)cc45)[nH]c23)CC1,7.397940008672039
4310964,NC1CCC(Nc2nccc(-c3c[nH]c4ncccc34)n2)CC1,6.58169870868025
4310902,NC1CCN(c2nccc(-c3c[nH]c4ncccc34)n2)CC1,6.11827306462358
4318358,NS(=O)(=O)N1CCN(c2ccc(Nc3ncc4cnn(C5CCCCC5)c4n3)cc2)CC1,6.69897000433602
4318287,NS(=O)(=O)N1CCN(Cc2ccc(Nc3ncc4cnn(C5CCCCC5)c4n3)cc2)CC1,6.79588001734408
4310963,N[C@H]1CC[C@H](Nc2nccc(-c3c[nH]c4ncccc34)n2)CC1,6.03763066432998
4361762,Nc1ccc(Nc2ncc(Br)s2)cc1,6.2218487496163615
4310958,Nc1ccc(Nc2nccc(-c3c[nH]c4ncccc34)n2)cc1,6.41341269532824
4197090,Nc1nc(Nc2ccc(S(N)(=O)=O)cc2)nn1C(=O)c1c(F)cccc1F,7.95860731484177
4126935,Nc1nccc(-c2ccc(O)c(-c3ccnc(N)n3)c2)n1,5.0222763947111515
4353626,COc1cc(-c2ccc3c(c2)Nc2ccc(CC(=O)Nc4ccc(N5CCOCC5)cc4)cc2NC3=O)ccc1[N+](=O)[O-],5.06449273417529
4324095,O=C(C1CC1)n1cc(-c2ccnc(Nc3ccc(N4CCOCC4)cc3)n2)c2ccccc21,5.47311819351786
4335525,O=C(c1cccc2[nH]c(-c3n[nH]c4ncc(-c5cncc6ccccc56)cc34)nc12)N1CCCC1,5.31587307438692
4335526,O=C(c1cccc2[nH]c(-c3n[nH]c4ncc(-c5cncc6ccccc56)cc34)nc12)N1CCCCC1,5.7015836199387095
4318310,O=C(c1ccc(Nc2ncc3cnn(C4CCCCC4)c3n2)cc1)N1CCOCC1,6.92081875395237
4335528,O=C(c1cccc2[nH]c(-c3n[nH]c4ncc(-c5cncc6ccccc56)cc34)nc12)N1CCOCC1,5.5539290642989885
4335549,O=C(NC1CC1)c1cccc2nc(-c3n[nH]c4ncc(-c5cncc6ccccc56)cc34)[nH]c12,7.24260397120698
4318306,O=C(NC1CCOCC1)c1ccc(Nc2ncc3cnn(C4CCCCC4)c3n2)cc1,6.92081875395237
4360572,O=C(NC1Cc2ccccc2C1)c1ccc(Nc2ncc3cnn(C4CCCCC4)c3n2)cc1,6.5003129173816
4318333,O=C(NCCN1CCOCC1)c1ccc(Nc2ncc3cnn(C4CCCCC4)c3n2)cc1,7.0
4335550,O=C(Nc1cccnc1)c1cccc2nc(-c3n[nH]c4ncc(-c5cncc6ccccc56)cc34)[nH]c12,6.0
4303511,O=C(Nc1ncc(Cc2ncnc3c2NCc2ccccc2O3)cn1)c1ccccc1,5.7212463990471685
4194115,N#Cc1cc2c(Nc3cnc(NC(=O)c4ccccc4)nc3)ccnc2cc1OCCCN1CCOCC1,7.28316227670048
4194186,O=C(Nc1ncc(Nc2ccnc3cc(OCCCN4CCOCC4)ccc23)cn1)c1ccccc1,7.10513034325475
4360822,O=C1c2[nH]c3cc(-c4ccco4)nn3c(=O)c2CN1Cc1ccccc1,4.82102305270683
4347749,O=C1NCc2cccc(-c3cc4cc(OCCCN5CCCCC5)ccc4[nH]3)c21,6.74714696902011
4347750,O=C1NCc2cccc(-c3cc4cc(OCCN5CCCCC5)ccc4[nH]3)c21,6.69897000433602
4347748,O=C1NCc2cccc(-c3cc4cc(OCCN5CCOCC5)ccc4[nH]3)c21,6.86966623150499
4347767,O=C1NCc2cccc(-c3cc4cc(OCc5ccccc5)ccc4[nH]3)c21,4.67366413907125
4347747,O=C1NCc2cccc(-c3cc4ccccc4[nH]3)c21,7.0
4347762,O=C1NCc2cccc(-c3ccc[nH]3)c21,6.47108329972234
1016069,O=S(=O)(c1cccc2cnccc12)N1CCCNCC1,4.0
4318343,O=S(=O)(c1ccc(Nc2ncc3cnn(C4CCCCC4)c3n2)cc1)N1CCOCC1,6.30102999566398
4361740,O=S1(=O)CCN(c2ccc(Nc3ncc4ccn(-c5ccccn5)c4n3)cc2)CC1,9.0
4318376,O=c1[nH]c2cnc(Nc3ccc(S(=O)(=O)N4CCOCC4)cc3)nc2n1C1CCCCC1,5.49485002168009
4318304,O=c1[nH]n(C2CCCC2)c2nc(Nc3ccc(N4CCOCC4)cc3)ncc12,5.79588001734408
4360573,c1ccc2c(c1)CC(NCc1ccc(Nc3ncc4cnn(C5CCOCC5)c4n3)cc1)C2,5.500038134403808
4335496,Fc1ccc2nc(-c3n[nH]c4ncc(-c5cccnc5)cc34)[nH]c2c1,5.0
4361736,O=C(O)c1ccc(Nc2ncc(Br)s2)cc1,7.102372908709558
4361780,O=C(O)c1cccc(Nc2ncc(Br)s2)c1,6.3565473235138095
4335533,O=C(NC1CCC(O)CC1)c1cccc2[nH]c(-c3n[nH]c4ncc(-c5cncc6ccccc56)cc34)nc12,6.0
4318357,OC1CCN(c2ccc(Nc3ncc4cnn(C5CCCCC5)c4n3)cc2)CC1,6.30102999566398
4352807,O=[N+]([O-])c1cccc(Nc2nccc(-c3ccc(CN4CCCCC4CO)cc3)n2)c1,5.95860731484177
4352792,O=[N+]([O-])c1cccc(Nc2nccc(-c3cccc(CN4CCCC(CO)C4)c3)n2)c1,5.585026652029178
4347760,O=C1NCc2cccc(-c3cc4cc(OCCCN5CCC(CO)CC5)ccc4[nH]3)c21,7.21467016498923
4318305,O=c1[nH]n(C2CCCCC2)c2nc(Nc3ccc(N4CCC(CCCO)CC4)cc3)ncc12,5.49485002168009
4318347,OCCCC1CCN(c2ccc(Nc3ncc4cnn(C5CCCC5)c4n3)cc2)CC1,7.30102999566398
4318345,OCCCC1CCN(c2ccc(Nc3ncc4cnn(C5CCCCC5)c4n3)cc2)CC1,7.30102999566398
4347745,O=C1NCc2cccc(-c3cc4cc(OCCCO)ccc4[nH]3)c21,7.0
4318344,O=C(NC1CCN(CCO)CC1)c1ccc(Nc2ncc3cnn(C4CCCCC4)c3n2)cc1,6.602059991327961
4318330,OCCN1CCC(NCc2ccc(Nc3ncc4cnn(C5CCCCC5)c4n3)cc2)CC1,5.79588001734408
4318349,OCCN1CCN(c2ccc(Nc3ncc4cnn(C5CCCCC5)c4n3)cc2)CC1,6.20065945054642
4361801,N#Cc1cnc(Nc2ccc(CN3CCN(CCO)CC3)cn2)s1,5.267606240177031
4318307,OCCN1CCN(Cc2ccc(Nc3ncc4cnn(C5CCCCC5)c4n3)cc2)CC1,6.69897000433602
4361766,O=C(NCCO)c1ccc(Nc2ncc(Br)s2)cc1,5.829738284605041
4310931,OCCOc1ccc(Nc2nccc(-c3c[nH]c4ncccc34)n2)cc1,6.76195389687121
4335499,OCCOc1ccc2[nH]c(-c3n[nH]c4ncc(-c5cccnc5)cc34)nc2c1,6.63959594527006
4310916,OCC[C@H]1CC[C@H](Nc2nccc(-c3c[nH]c4ncccc34)n2)CC1,6.42736070295719
4310973,OCCc1ccc(Nc2nccc(-c3c[nH]c4ncccc34)n2)c(Cl)c1,7.1211336630432704
4310928,OCCc1ccc(Nc2nccc(-c3c[nH]c4ncccc34)n2)cc1,6.79860287567955
4310910,OCCn1cc(-c2ccnc(NC3CCCCC3)n2)c2cccnc21,5.0
4310911,OCCn1cc(-c2ccnc(N[C@H]3CC[C@H](O)CC3)n2)c2cccnc21,5.217240807376
4352806,OCc1cccc(Nc2nccc(-c3cccc(O)c3)n2)c1,7.397940008672039
4352800,OCc1cccc(-c2ccnc(Nc3cccc(F)c3)n2)c1,6.20065945054642
4352799,OCc1cccc(-c2ccnc(Nc3cccc(O)c3)n2)c1,6.14266750356873
4352784,O=[N+]([O-])c1cccc(Nc2nccc(-c3cccc(CO)c3)n2)c1,6.79588001734408
4344155,OCc1cn(CCCCc2ccccn2)c2ccc(Oc3ccc(O)cc3)cc12,4.10237290870956
4310944,O[C@H]1CC[C@H](Nc2nccc(-c3c[nH]c4ncccc34)n2)CC1,6.474955192963152
4361755,Oc1ccc(Nc2ncc(Br)s2)cc1,6.29242982390206
4310960,Oc1ccc(Nc2nccc(-c3c[nH]c4ncccc34)n2)cc1,6.1337126609158
4352786,N#Cc1cccc(-c2ccnc(Nc3ccc(O)cc3)n2)c1,6.0
4352797,Oc1ccc(Nc2nccc(-c3cccc(F)c3)n2)cc1,6.85387196432176
4352803,Oc1ccc(Nc2nccc(-c3cccc(O)c3)n2)cc1,8.221848749616361
4352788,Oc1ccc(Nc2nccc(-c3cccc(C(F)(F)F)c3)n2)cc1,7.69897000433602
4347744,O=C1NCc2cccc(-c3cc4cc(O)ccc4[nH]3)c21,7.0457574905606695
4352798,Oc1cccc(Nc2nccc(-c3cc(F)ccc3F)n2)c1,6.79588001734408
4352785,N#Cc1cccc(-c2ccnc(Nc3cccc(O)c3)n2)c1,6.0268721464003
4352787,Oc1cccc(Nc2nccc(-c3cccc(C(F)(F)F)c3)n2)c1,6.00436480540245
4310927,Oc1ccccc1Nc1nccc(-c2c[nH]c3ncccc23)n1,6.53910215724345
4361761,O=[N+]([O-])c1ccc(Nc2ncc(Br)s2)cc1,4.88605664769316
4324080,O=[N+]([O-])c1cccc(Nc2nccc(-c3c[nH]c4ccccc34)n2)c1,6.562566556202031
4352805,O=[N+]([O-])c1cccc(Nc2nccc(-c3ccc(CCn4cncn4)cc3)n2)c1,6.46852108295774
4352782,O=[N+]([O-])c1cccc(Nc2nccc(-c3cccc(CN4CCCC4CNc4ccccc4)c3)n2)c1,5.619788758288388
4352796,O=[N+]([O-])c1cccc(Nc2nccc(-c3cccc(Cl)c3)n2)c1,5.585026652029178
